input_len,output_len,loss,bottleneck_size,bottleneck_activation,LSTM_type,num,smape,name
18,12,mae,25,leaky,bi,0,14.772893279642464,18_12_25_leaky
18,12,mae,25,leaky,bi,1,13.608487749284057,18_12_25_leaky
18,12,mae,25,leaky,bi,2,13.443644401964567,18_12_25_leaky
18,12,mae,25,leaky,bi,3,13.61834637470553,18_12_25_leaky
18,12,mae,25,leaky,bi,4,13.695659843250773,18_12_25_leaky
18,12,mae,25,leaky,bi,5,13.322163424454493,18_12_25_leaky
18,12,mae,25,leaky,bi,6,13.292208838683976,18_12_25_leaky
18,12,mae,25,leaky,bi,7,13.107313289176375,18_12_25_leaky
18,12,mae,25,leaky,bi,8,13.453516414287677,18_12_25_leaky
18,12,mae,25,leaky,bi,9,13.49661428414149,18_12_25_leaky
18,12,mae,25,leaky,bi,10,13.525422315730975,18_12_25_leaky
18,12,mae,25,leaky,bi,11,13.285837822659685,18_12_25_leaky
18,12,mae,25,leaky,bi,12,13.248374690523482,18_12_25_leaky
18,12,mae,25,leaky,bi,13,13.217510280446954,18_12_25_leaky
18,12,mae,25,leaky,bi,14,13.317247557648917,18_12_25_leaky
18,12,mae,25,leaky,bi,15,13.361150135667486,18_12_25_leaky
18,12,mae,25,leaky,bi,16,13.39064224541702,18_12_25_leaky
18,12,mae,25,leaky,bi,17,13.243986864743464,18_12_25_leaky
18,12,mae,25,leaky,bi,18,13.292830108392895,18_12_25_leaky
18,12,mae,25,leaky,bi,19,13.136576079160543,18_12_25_leaky
18,12,mae,25,leaky,bi,20,13.282653222824269,18_12_25_leaky
18,12,mae,25,leaky,bi,21,13.263669482475526,18_12_25_leaky
18,12,mae,25,leaky,bi,22,13.366807757678943,18_12_25_leaky
18,12,mae,25,leaky,bi,23,13.806369261131543,18_12_25_leaky
18,12,mae,25,leaky,bi,24,13.300798016280169,18_12_25_leaky
18,12,mae,25,leaky,bi,25,13.27593059787964,18_12_25_leaky
18,12,mae,25,leaky,bi,26,13.313222854703,18_12_25_leaky
18,12,mae,25,leaky,bi,27,13.518262587742086,18_12_25_leaky
18,12,mae,25,leaky,bi,28,13.325498301659415,18_12_25_leaky
18,12,mae,25,leaky,bi,29,13.748478309981497,18_12_25_leaky
18,12,mae,25,leaky,bi,,13.228610764570023,18_12_25_leaky
18,20,mae,50,relu,bi,0,13.873750618191867,18_20_50_relu
18,20,mae,50,relu,bi,1,13.2338218081172,18_20_50_relu
18,20,mae,50,relu,bi,2,13.344199312700988,18_20_50_relu
18,20,mae,50,relu,bi,3,13.220080090558547,18_20_50_relu
18,20,mae,50,relu,bi,4,13.290937193544133,18_20_50_relu
18,20,mae,50,relu,bi,5,13.419727257251287,18_20_50_relu
18,20,mae,50,relu,bi,6,13.325718978383001,18_20_50_relu
18,20,mae,50,relu,bi,7,13.307493603529961,18_20_50_relu
18,20,mae,50,relu,bi,8,13.329605683613895,18_20_50_relu
18,20,mae,50,relu,bi,9,13.530989102745439,18_20_50_relu
18,20,mae,50,relu,bi,10,13.110429705378683,18_20_50_relu
18,20,mae,50,relu,bi,11,13.375520489686316,18_20_50_relu
18,20,mae,50,relu,bi,12,13.321457272940377,18_20_50_relu
18,20,mae,50,relu,bi,13,13.733651079798552,18_20_50_relu
18,20,mae,50,relu,bi,14,13.3987129992653,18_20_50_relu
18,20,mae,50,relu,bi,15,13.37413443472392,18_20_50_relu
18,20,mae,50,relu,bi,16,13.313383693032526,18_20_50_relu
18,20,mae,50,relu,bi,17,13.830385781133211,18_20_50_relu
18,20,mae,50,relu,bi,18,13.216643920202365,18_20_50_relu
18,20,mae,50,relu,bi,19,13.696558587376423,18_20_50_relu
18,20,mae,50,relu,bi,20,13.230073184051085,18_20_50_relu
18,20,mae,50,relu,bi,21,13.229763266442232,18_20_50_relu
18,20,mae,50,relu,bi,22,13.231511754316212,18_20_50_relu
18,20,mae,50,relu,bi,23,13.297092480476202,18_20_50_relu
18,20,mae,50,relu,bi,24,13.132183005315232,18_20_50_relu
18,20,mae,50,relu,bi,25,13.15719706535271,18_20_50_relu
18,20,mae,50,relu,bi,26,13.84707745959073,18_20_50_relu
18,20,mae,50,relu,bi,27,13.57462505809819,18_20_50_relu
18,20,mae,50,relu,bi,28,13.30007015490166,18_20_50_relu
18,20,mae,50,relu,bi,29,13.15557145660655,18_20_50_relu
18,20,mae,50,relu,bi,,13.159085194173548,18_20_50_relu
18,14,mae,250,relu,bi,0,13.106556926055756,18_14_250_relu
18,14,mae,250,relu,bi,1,13.168409760766083,18_14_250_relu
18,14,mae,250,relu,bi,2,13.531799716789989,18_14_250_relu
18,14,mae,250,relu,bi,3,13.104853328918113,18_14_250_relu
18,14,mae,250,relu,bi,4,13.38734804162103,18_14_250_relu
18,14,mae,250,relu,bi,5,13.124533262054587,18_14_250_relu
18,14,mae,250,relu,bi,6,13.191531315190216,18_14_250_relu
18,14,mae,250,relu,bi,7,13.26134519337846,18_14_250_relu
18,14,mae,250,relu,bi,8,13.300493352752094,18_14_250_relu
18,14,mae,250,relu,bi,9,13.29631315674029,18_14_250_relu
18,14,mae,250,relu,bi,10,13.130542428663874,18_14_250_relu
18,14,mae,250,relu,bi,11,13.307564529344981,18_14_250_relu
18,14,mae,250,relu,bi,12,13.055602240806218,18_14_250_relu
18,14,mae,250,relu,bi,13,13.188155883568902,18_14_250_relu
18,14,mae,250,relu,bi,14,13.143381293749915,18_14_250_relu
18,14,mae,250,relu,bi,15,13.301942236327218,18_14_250_relu
18,14,mae,250,relu,bi,16,13.117628176821844,18_14_250_relu
18,14,mae,250,relu,bi,17,13.108888164365426,18_14_250_relu
18,14,mae,250,relu,bi,18,13.570689958175503,18_14_250_relu
18,14,mae,250,relu,bi,19,13.130410898233956,18_14_250_relu
18,14,mae,250,relu,bi,20,13.124484794770934,18_14_250_relu
18,14,mae,250,relu,bi,21,13.550299269849715,18_14_250_relu
18,14,mae,250,relu,bi,22,13.325366868548091,18_14_250_relu
18,14,mae,250,relu,bi,23,13.3765570407419,18_14_250_relu
18,14,mae,250,relu,bi,24,13.088198616794639,18_14_250_relu
18,14,mae,250,relu,bi,25,13.074280250719697,18_14_250_relu
18,14,mae,250,relu,bi,26,13.238038352907237,18_14_250_relu
18,14,mae,250,relu,bi,27,13.096591533622147,18_14_250_relu
18,14,mae,250,relu,bi,28,13.343463512335143,18_14_250_relu
18,14,mae,250,relu,bi,29,13.268409669268861,18_14_250_relu
18,14,mae,250,relu,bi,,13.118773956677229,18_14_250_relu
18,20,mae,25,relu,bi,0,13.460964235589213,18_20_25_relu
18,20,mae,25,relu,bi,1,13.185654734125693,18_20_25_relu
18,20,mae,25,relu,bi,2,13.132436116552006,18_20_25_relu
18,20,mae,25,relu,bi,3,13.523638768334418,18_20_25_relu
18,20,mae,25,relu,bi,4,13.252781501747537,18_20_25_relu
18,20,mae,25,relu,bi,5,13.561123342994033,18_20_25_relu
18,20,mae,25,relu,bi,6,13.196633765551423,18_20_25_relu
18,20,mae,25,relu,bi,7,13.363437234915821,18_20_25_relu
18,20,mae,25,relu,bi,8,13.616005779457623,18_20_25_relu
18,20,mae,25,relu,bi,9,13.5440851429663,18_20_25_relu
18,20,mae,25,relu,bi,10,14.098972437051561,18_20_25_relu
18,20,mae,25,relu,bi,11,13.19149643736869,18_20_25_relu
18,20,mae,25,relu,bi,12,13.34742298794433,18_20_25_relu
18,20,mae,25,relu,bi,13,13.159547533033644,18_20_25_relu
18,20,mae,25,relu,bi,14,13.134628237941728,18_20_25_relu
18,20,mae,25,relu,bi,15,13.27453325357159,18_20_25_relu
18,20,mae,25,relu,bi,16,13.39876993653923,18_20_25_relu
18,20,mae,25,relu,bi,17,13.626883396396527,18_20_25_relu
18,20,mae,25,relu,bi,18,13.810404475547745,18_20_25_relu
18,20,mae,25,relu,bi,19,13.843614599402827,18_20_25_relu
18,20,mae,25,relu,bi,20,13.167143867555597,18_20_25_relu
18,20,mae,25,relu,bi,21,13.247214458346335,18_20_25_relu
18,20,mae,25,relu,bi,22,13.420127614227523,18_20_25_relu
18,20,mae,25,relu,bi,23,13.361644624706654,18_20_25_relu
18,20,mae,25,relu,bi,24,13.425350835129436,18_20_25_relu
18,20,mae,25,relu,bi,25,13.185733625915143,18_20_25_relu
18,20,mae,25,relu,bi,26,13.484031222396945,18_20_25_relu
18,20,mae,25,relu,bi,27,13.137117398567984,18_20_25_relu
18,20,mae,25,relu,bi,28,13.160177783404054,18_20_25_relu
18,20,mae,25,relu,bi,29,13.19951025211962,18_20_25_relu
18,20,mae,25,relu,bi,,13.181590784855253,18_20_25_relu
18,12,mae,50,relu,bi,0,13.431721508578818,18_12_50_relu
18,12,mae,50,relu,bi,1,13.180758362871785,18_12_50_relu
18,12,mae,50,relu,bi,2,13.655792358018093,18_12_50_relu
18,12,mae,50,relu,bi,3,13.16110944492792,18_12_50_relu
18,12,mae,50,relu,bi,4,13.191365862068897,18_12_50_relu
18,12,mae,50,relu,bi,5,13.298278699761115,18_12_50_relu
18,12,mae,50,relu,bi,6,13.46859657678128,18_12_50_relu
18,12,mae,50,relu,bi,7,13.48293647958201,18_12_50_relu
18,12,mae,50,relu,bi,8,13.217854691574694,18_12_50_relu
18,12,mae,50,relu,bi,9,13.718994889667162,18_12_50_relu
18,12,mae,50,relu,bi,10,13.284544432709014,18_12_50_relu
18,12,mae,50,relu,bi,11,13.210930585413108,18_12_50_relu
18,12,mae,50,relu,bi,12,13.696642493349424,18_12_50_relu
18,12,mae,50,relu,bi,13,13.733214447075278,18_12_50_relu
18,12,mae,50,relu,bi,14,13.380609949909363,18_12_50_relu
18,12,mae,50,relu,bi,15,13.245348278317282,18_12_50_relu
18,12,mae,50,relu,bi,16,13.13681736051517,18_12_50_relu
18,12,mae,50,relu,bi,17,13.47896021739104,18_12_50_relu
18,12,mae,50,relu,bi,18,13.427704231645176,18_12_50_relu
18,12,mae,50,relu,bi,19,13.215438899471943,18_12_50_relu
18,12,mae,50,relu,bi,20,13.233826693856882,18_12_50_relu
18,12,mae,50,relu,bi,21,13.17132067919938,18_12_50_relu
18,12,mae,50,relu,bi,22,13.491024783784535,18_12_50_relu
18,12,mae,50,relu,bi,23,13.254408594702825,18_12_50_relu
18,12,mae,50,relu,bi,24,13.409495669213959,18_12_50_relu
18,12,mae,50,relu,bi,25,13.85815844442147,18_12_50_relu
18,12,mae,50,relu,bi,26,13.591938450503479,18_12_50_relu
18,12,mae,50,relu,bi,27,13.3701130481234,18_12_50_relu
18,12,mae,50,relu,bi,28,13.520176197730587,18_12_50_relu
18,12,mae,50,relu,bi,29,13.27111997123415,18_12_50_relu
18,12,mae,50,relu,bi,,13.163465830341854,18_12_50_relu
18,12,mae,50,leaky,bi,0,13.551400235363495,18_12_50_leaky
18,12,mae,50,leaky,bi,1,13.61491656492303,18_12_50_leaky
18,12,mae,50,leaky,bi,2,13.125334029172013,18_12_50_leaky
18,12,mae,50,leaky,bi,3,13.497675722655165,18_12_50_leaky
18,12,mae,50,leaky,bi,4,13.536115167483885,18_12_50_leaky
18,12,mae,50,leaky,bi,5,13.713919719987043,18_12_50_leaky
18,12,mae,50,leaky,bi,6,13.382869032829866,18_12_50_leaky
18,12,mae,50,leaky,bi,7,13.177692058204949,18_12_50_leaky
18,12,mae,50,leaky,bi,8,13.20889442729425,18_12_50_leaky
18,12,mae,50,leaky,bi,9,13.236536672867528,18_12_50_leaky
18,12,mae,50,leaky,bi,10,13.298144482860625,18_12_50_leaky
18,12,mae,50,leaky,bi,11,13.277988950849581,18_12_50_leaky
18,12,mae,50,leaky,bi,12,13.467859100433127,18_12_50_leaky
18,12,mae,50,leaky,bi,13,13.327342543499018,18_12_50_leaky
18,12,mae,50,leaky,bi,14,13.277694187781716,18_12_50_leaky
18,12,mae,50,leaky,bi,15,13.92472669191819,18_12_50_leaky
18,12,mae,50,leaky,bi,16,13.490085386916995,18_12_50_leaky
18,12,mae,50,leaky,bi,17,13.643404097293141,18_12_50_leaky
18,12,mae,50,leaky,bi,18,13.141426248680329,18_12_50_leaky
18,12,mae,50,leaky,bi,19,14.454929399294134,18_12_50_leaky
18,12,mae,50,leaky,bi,20,13.179545584323062,18_12_50_leaky
18,12,mae,50,leaky,bi,21,13.270283018083687,18_12_50_leaky
18,12,mae,50,leaky,bi,22,13.184244039345588,18_12_50_leaky
18,12,mae,50,leaky,bi,23,13.161192678162644,18_12_50_leaky
18,12,mae,50,leaky,bi,24,13.32947954321877,18_12_50_leaky
18,12,mae,50,leaky,bi,25,13.175049453159552,18_12_50_leaky
18,12,mae,50,leaky,bi,26,13.330504924730905,18_12_50_leaky
18,12,mae,50,leaky,bi,27,13.616216482378123,18_12_50_leaky
18,12,mae,50,leaky,bi,28,13.18516843751079,18_12_50_leaky
18,12,mae,50,leaky,bi,29,13.690131065569345,18_12_50_leaky
18,12,mae,50,leaky,bi,,13.172828909899556,18_12_50_leaky
18,12,mae,25,tanh,bi,0,13.198476501165484,18_12_25_tanh
18,12,mae,25,tanh,bi,1,13.359969581607775,18_12_25_tanh
18,12,mae,25,tanh,bi,2,13.384060864177336,18_12_25_tanh
18,12,mae,25,tanh,bi,3,13.294842056193858,18_12_25_tanh
18,12,mae,25,tanh,bi,4,13.355280135745703,18_12_25_tanh
18,12,mae,25,tanh,bi,5,13.160274682680601,18_12_25_tanh
18,12,mae,25,tanh,bi,6,13.34579201448681,18_12_25_tanh
18,12,mae,25,tanh,bi,7,13.63110843837077,18_12_25_tanh
18,12,mae,25,tanh,bi,8,13.855597384376356,18_12_25_tanh
18,12,mae,25,tanh,bi,9,13.22718676785569,18_12_25_tanh
18,12,mae,25,tanh,bi,10,13.828624514678125,18_12_25_tanh
18,12,mae,25,tanh,bi,11,13.750862641922081,18_12_25_tanh
18,12,mae,25,tanh,bi,12,13.441885539544852,18_12_25_tanh
18,12,mae,25,tanh,bi,13,13.279545928360545,18_12_25_tanh
18,12,mae,25,tanh,bi,14,13.143168360688453,18_12_25_tanh
18,12,mae,25,tanh,bi,15,13.315792484148972,18_12_25_tanh
18,12,mae,25,tanh,bi,16,13.145283314043875,18_12_25_tanh
18,12,mae,25,tanh,bi,17,13.281249735811128,18_12_25_tanh
18,12,mae,25,tanh,bi,18,13.19039410123615,18_12_25_tanh
18,12,mae,25,tanh,bi,19,13.33250474866736,18_12_25_tanh
18,12,mae,25,tanh,bi,20,13.292178333269739,18_12_25_tanh
18,12,mae,25,tanh,bi,21,13.205108178407855,18_12_25_tanh
18,12,mae,25,tanh,bi,22,13.290310878154715,18_12_25_tanh
18,12,mae,25,tanh,bi,23,13.346165640452005,18_12_25_tanh
18,12,mae,25,tanh,bi,24,13.378171674749355,18_12_25_tanh
18,12,mae,25,tanh,bi,25,13.272129818007292,18_12_25_tanh
18,12,mae,25,tanh,bi,26,13.220618049481468,18_12_25_tanh
18,12,mae,25,tanh,bi,27,13.486855455645962,18_12_25_tanh
18,12,mae,25,tanh,bi,28,13.156922763452634,18_12_25_tanh
18,12,mae,25,tanh,bi,29,13.455947682202996,18_12_25_tanh
18,12,mae,25,tanh,bi,,13.17785867310532,18_12_25_tanh
18,20,mae,50,leaky,bi,0,13.747782617844788,18_20_50_leaky
18,20,mae,50,leaky,bi,1,13.085712288421906,18_20_50_leaky
18,20,mae,50,leaky,bi,2,13.677062633080919,18_20_50_leaky
18,20,mae,50,leaky,bi,3,13.210290316605926,18_20_50_leaky
18,20,mae,50,leaky,bi,4,13.478769008663777,18_20_50_leaky
18,20,mae,50,leaky,bi,5,13.50321550109043,18_20_50_leaky
18,20,mae,50,leaky,bi,6,13.290652502221945,18_20_50_leaky
18,20,mae,50,leaky,bi,7,13.454745613392575,18_20_50_leaky
18,20,mae,50,leaky,bi,8,13.373614268135128,18_20_50_leaky
18,20,mae,50,leaky,bi,9,13.72396734962114,18_20_50_leaky
18,20,mae,50,leaky,bi,10,14.038520347837263,18_20_50_leaky
18,20,mae,50,leaky,bi,11,13.295725697853765,18_20_50_leaky
18,20,mae,50,leaky,bi,12,13.132387365916403,18_20_50_leaky
18,20,mae,50,leaky,bi,13,13.233806267511353,18_20_50_leaky
18,20,mae,50,leaky,bi,14,13.261661658640293,18_20_50_leaky
18,20,mae,50,leaky,bi,15,13.229555941427323,18_20_50_leaky
18,20,mae,50,leaky,bi,16,13.149836094626949,18_20_50_leaky
18,20,mae,50,leaky,bi,17,13.803002548723173,18_20_50_leaky
18,20,mae,50,leaky,bi,18,13.535074168901323,18_20_50_leaky
18,20,mae,50,leaky,bi,19,13.386925808664364,18_20_50_leaky
18,20,mae,50,leaky,bi,20,13.130419621821133,18_20_50_leaky
18,20,mae,50,leaky,bi,21,13.232248528162382,18_20_50_leaky
18,20,mae,50,leaky,bi,22,13.415171527983238,18_20_50_leaky
18,20,mae,50,leaky,bi,23,13.436560446953727,18_20_50_leaky
18,20,mae,50,leaky,bi,24,13.629194964261382,18_20_50_leaky
18,20,mae,50,leaky,bi,25,13.42476204531821,18_20_50_leaky
18,20,mae,50,leaky,bi,26,13.243058816589597,18_20_50_leaky
18,20,mae,50,leaky,bi,27,13.247687888860186,18_20_50_leaky
18,20,mae,50,leaky,bi,28,13.242875699270352,18_20_50_leaky
18,20,mae,50,leaky,bi,29,13.225609483107766,18_20_50_leaky
18,20,mae,50,leaky,bi,,13.162887411402066,18_20_50_leaky
18,12,mae,25,relu,bi,0,13.4969151051387,18_12_25_relu
18,12,mae,25,relu,bi,1,13.326590293722207,18_12_25_relu
18,12,mae,25,relu,bi,2,13.286923775684466,18_12_25_relu
18,12,mae,25,relu,bi,3,13.259343056764727,18_12_25_relu
18,12,mae,25,relu,bi,4,13.385363862150601,18_12_25_relu
18,12,mae,25,relu,bi,5,13.413975974661318,18_12_25_relu
18,12,mae,25,relu,bi,6,13.762310912519437,18_12_25_relu
18,12,mae,25,relu,bi,7,13.385430823008411,18_12_25_relu
18,12,mae,25,relu,bi,8,13.614403130374175,18_12_25_relu
18,12,mae,25,relu,bi,9,13.102982271109632,18_12_25_relu
18,12,mae,25,relu,bi,10,13.738669671362182,18_12_25_relu
18,12,mae,25,relu,bi,11,13.264532068399788,18_12_25_relu
18,12,mae,25,relu,bi,12,13.255640577897632,18_12_25_relu
18,12,mae,25,relu,bi,13,13.351769869640698,18_12_25_relu
18,12,mae,25,relu,bi,14,13.272924390239767,18_12_25_relu
18,12,mae,25,relu,bi,15,13.563584389384411,18_12_25_relu
18,12,mae,25,relu,bi,16,13.157974026750093,18_12_25_relu
18,12,mae,25,relu,bi,17,13.407520978082797,18_12_25_relu
18,12,mae,25,relu,bi,18,13.28731989011948,18_12_25_relu
18,12,mae,25,relu,bi,19,13.122687435406503,18_12_25_relu
18,12,mae,25,relu,bi,20,13.658624607188527,18_12_25_relu
18,12,mae,25,relu,bi,21,13.289593439697105,18_12_25_relu
18,12,mae,25,relu,bi,22,13.189843121708872,18_12_25_relu
18,12,mae,25,relu,bi,23,13.34806557971232,18_12_25_relu
18,12,mae,25,relu,bi,24,13.251674372817957,18_12_25_relu
18,12,mae,25,relu,bi,25,13.295341249149201,18_12_25_relu
18,12,mae,25,relu,bi,26,13.164988169678335,18_12_25_relu
18,12,mae,25,relu,bi,27,13.311863897987434,18_12_25_relu
18,12,mae,25,relu,bi,28,13.428009185388932,18_12_25_relu
18,12,mae,25,relu,bi,29,13.414775854757476,18_12_25_relu
18,12,mae,25,relu,bi,,13.176320191570081,18_12_25_relu
18,20,mae,50,tanh,bi,0,13.290862366578896,18_20_50_tanh
18,20,mae,50,tanh,bi,1,13.276844157911002,18_20_50_tanh
18,20,mae,50,tanh,bi,2,13.222562209563648,18_20_50_tanh
18,20,mae,50,tanh,bi,3,13.27689786569141,18_20_50_tanh
18,20,mae,50,tanh,bi,4,13.263261066489076,18_20_50_tanh
18,20,mae,50,tanh,bi,5,13.287268715356111,18_20_50_tanh
18,20,mae,50,tanh,bi,6,13.147207940223304,18_20_50_tanh
18,20,mae,50,tanh,bi,7,13.179088968867232,18_20_50_tanh
18,20,mae,50,tanh,bi,8,13.169427845082904,18_20_50_tanh
18,20,mae,50,tanh,bi,9,13.134176999956294,18_20_50_tanh
18,20,mae,50,tanh,bi,10,13.225578051683911,18_20_50_tanh
18,20,mae,50,tanh,bi,11,13.273776492163556,18_20_50_tanh
18,20,mae,50,tanh,bi,12,13.091459249968407,18_20_50_tanh
18,20,mae,50,tanh,bi,13,13.22544784379966,18_20_50_tanh
18,20,mae,50,tanh,bi,14,13.291718464589424,18_20_50_tanh
18,20,mae,50,tanh,bi,15,13.282136992767098,18_20_50_tanh
18,20,mae,50,tanh,bi,16,13.444890169641324,18_20_50_tanh
18,20,mae,50,tanh,bi,17,13.610292566447281,18_20_50_tanh
18,20,mae,50,tanh,bi,18,13.74730836607931,18_20_50_tanh
18,20,mae,50,tanh,bi,19,13.351496751574384,18_20_50_tanh
18,20,mae,50,tanh,bi,20,13.979181716200106,18_20_50_tanh
18,20,mae,50,tanh,bi,21,13.246177767801392,18_20_50_tanh
18,20,mae,50,tanh,bi,22,13.026178327007417,18_20_50_tanh
18,20,mae,50,tanh,bi,23,13.147458152944733,18_20_50_tanh
18,20,mae,50,tanh,bi,24,13.342343157898352,18_20_50_tanh
18,20,mae,50,tanh,bi,25,13.227940862052828,18_20_50_tanh
18,20,mae,50,tanh,bi,26,13.419213496231423,18_20_50_tanh
18,20,mae,50,tanh,bi,27,13.27947276223745,18_20_50_tanh
18,20,mae,50,tanh,bi,28,13.42245813096255,18_20_50_tanh
18,20,mae,50,tanh,bi,,13.141456640585371,18_20_50_tanh
18,12,mae,50,tanh,bi,0,13.811101635313324,18_12_50_tanh
18,12,mae,50,tanh,bi,1,13.63173962016527,18_12_50_tanh
18,12,mae,50,tanh,bi,2,13.368730149449089,18_12_50_tanh
18,12,mae,50,tanh,bi,3,13.688252791817368,18_12_50_tanh
18,12,mae,50,tanh,bi,4,13.252247007006845,18_12_50_tanh
18,12,mae,50,tanh,bi,5,13.190676430010852,18_12_50_tanh
18,12,mae,50,tanh,bi,6,13.134471405737395,18_12_50_tanh
18,12,mae,50,tanh,bi,7,13.612562359251365,18_12_50_tanh
18,12,mae,50,tanh,bi,8,13.163219409335714,18_12_50_tanh
18,12,mae,50,tanh,bi,9,13.174075119360179,18_12_50_tanh
18,12,mae,50,tanh,bi,10,13.210691591347166,18_12_50_tanh
18,12,mae,50,tanh,bi,11,13.713319712058762,18_12_50_tanh
18,12,mae,50,tanh,bi,12,13.40464059773063,18_12_50_tanh
18,12,mae,50,tanh,bi,13,13.395351508968965,18_12_50_tanh
18,12,mae,50,tanh,bi,14,13.10689869373162,18_12_50_tanh
18,12,mae,50,tanh,bi,15,13.132087443476893,18_12_50_tanh
18,12,mae,50,tanh,bi,16,13.396128879683488,18_12_50_tanh
18,12,mae,50,tanh,bi,17,13.217032674612673,18_12_50_tanh
18,12,mae,50,tanh,bi,18,13.548335967195676,18_12_50_tanh
18,12,mae,50,tanh,bi,19,13.277908371102667,18_12_50_tanh
18,12,mae,50,tanh,bi,20,13.596768828960789,18_12_50_tanh
18,12,mae,50,tanh,bi,21,13.147206532428823,18_12_50_tanh
18,12,mae,50,tanh,bi,22,13.446277560358729,18_12_50_tanh
18,12,mae,50,tanh,bi,23,13.283733529613619,18_12_50_tanh
18,12,mae,50,tanh,bi,24,13.445175782253369,18_12_50_tanh
18,12,mae,50,tanh,bi,25,13.321451762485895,18_12_50_tanh
18,12,mae,50,tanh,bi,26,13.252641408251984,18_12_50_tanh
18,12,mae,50,tanh,bi,27,13.238553769972585,18_12_50_tanh
18,12,mae,50,tanh,bi,28,13.582375453129256,18_12_50_tanh
18,12,mae,50,tanh,bi,29,13.874322500421561,18_12_50_tanh
18,12,mae,50,tanh,bi,,13.194317953590298,18_12_50_tanh
18,20,mae,25,leaky,bi,0,13.224075665032203,18_20_25_leaky
18,20,mae,25,leaky,bi,1,13.300008513453404,18_20_25_leaky
18,20,mae,25,leaky,bi,2,13.534648610266569,18_20_25_leaky
18,20,mae,25,leaky,bi,3,13.183703554636827,18_20_25_leaky
18,20,mae,25,leaky,bi,4,13.357551752534816,18_20_25_leaky
18,20,mae,25,leaky,bi,5,13.824667127911116,18_20_25_leaky
18,20,mae,25,leaky,bi,6,13.161355925280064,18_20_25_leaky
18,20,mae,25,leaky,bi,7,13.26869118233111,18_20_25_leaky
18,20,mae,25,leaky,bi,8,13.469112492214807,18_20_25_leaky
18,20,mae,25,leaky,bi,9,13.151222877093796,18_20_25_leaky
18,20,mae,25,leaky,bi,10,13.234386107593192,18_20_25_leaky
18,20,mae,25,leaky,bi,11,13.55033659241112,18_20_25_leaky
18,20,mae,25,leaky,bi,12,13.371385846324904,18_20_25_leaky
18,20,mae,25,leaky,bi,13,13.221600647140084,18_20_25_leaky
18,20,mae,25,leaky,bi,14,13.551967674056067,18_20_25_leaky
18,20,mae,25,leaky,bi,15,13.502340870349592,18_20_25_leaky
18,20,mae,25,leaky,bi,16,13.12476356762587,18_20_25_leaky
18,20,mae,25,leaky,bi,17,13.473848140252294,18_20_25_leaky
18,20,mae,25,leaky,bi,18,13.367847157420604,18_20_25_leaky
18,20,mae,25,leaky,bi,19,13.233561058326043,18_20_25_leaky
18,20,mae,25,leaky,bi,20,13.372075774081441,18_20_25_leaky
18,20,mae,25,leaky,bi,21,13.296943674745387,18_20_25_leaky
18,20,mae,25,leaky,bi,22,13.137748478979054,18_20_25_leaky
18,20,mae,25,leaky,bi,23,13.228588822054732,18_20_25_leaky
18,20,mae,25,leaky,bi,24,13.379098085430106,18_20_25_leaky
18,20,mae,25,leaky,bi,25,13.163387702282577,18_20_25_leaky
18,20,mae,25,leaky,bi,26,13.315537876484164,18_20_25_leaky
18,20,mae,25,leaky,bi,27,13.501974044667852,18_20_25_leaky
18,20,mae,25,leaky,bi,28,13.064335252516205,18_20_25_leaky
18,20,mae,25,leaky,bi,29,13.287724325306977,18_20_25_leaky
18,20,mae,25,leaky,bi,,13.164602295715897,18_20_25_leaky
18,14,mae,200,relu,bi,0,13.385204909280153,18_14_200_relu
18,14,mae,200,relu,bi,1,13.148536178370128,18_14_200_relu
18,14,mae,200,relu,bi,2,13.331064902475836,18_14_200_relu
18,14,mae,200,relu,bi,3,13.183959215252354,18_14_200_relu
18,14,mae,200,relu,bi,4,13.348886275323277,18_14_200_relu
18,14,mae,200,relu,bi,5,13.121486991957624,18_14_200_relu
18,14,mae,200,relu,bi,6,13.155546758821867,18_14_200_relu
18,14,mae,200,relu,bi,7,13.142061376165861,18_14_200_relu
18,14,mae,200,relu,bi,8,13.195802938517588,18_14_200_relu
18,14,mae,200,relu,bi,9,13.052679514189103,18_14_200_relu
18,14,mae,200,relu,bi,10,13.546431877090294,18_14_200_relu
18,14,mae,200,relu,bi,11,13.023481947554526,18_14_200_relu
18,14,mae,200,relu,bi,12,13.340624859647992,18_14_200_relu
18,14,mae,200,relu,bi,13,13.365382710975084,18_14_200_relu
18,14,mae,200,relu,bi,14,13.11105899500786,18_14_200_relu
18,14,mae,200,relu,bi,15,13.211532275692432,18_14_200_relu
18,14,mae,200,relu,bi,16,13.121948989723707,18_14_200_relu
18,14,mae,200,relu,bi,17,13.076235337685125,18_14_200_relu
18,14,mae,200,relu,bi,18,13.567212979287062,18_14_200_relu
18,14,mae,200,relu,bi,19,13.278800372618669,18_14_200_relu
18,14,mae,200,relu,bi,20,13.245538295502259,18_14_200_relu
18,14,mae,200,relu,bi,21,13.122018295679766,18_14_200_relu
18,14,mae,200,relu,bi,22,13.422898670216384,18_14_200_relu
18,14,mae,200,relu,bi,23,13.396780557499971,18_14_200_relu
18,14,mae,200,relu,bi,24,13.18715158622865,18_14_200_relu
18,14,mae,200,relu,bi,25,13.296414671707769,18_14_200_relu
18,14,mae,200,relu,bi,26,13.275317015126262,18_14_200_relu
18,14,mae,200,relu,bi,27,13.221328692664127,18_14_200_relu
18,14,mae,200,relu,bi,28,13.355717982328942,18_14_200_relu
18,14,mae,200,relu,bi,29,13.10060216384157,18_14_200_relu
18,14,mae,200,relu,bi,,13.1365604193871,18_14_200_relu
18,20,mae,25,tanh,bi,0,13.670588525942062,18_20_25_tanh
18,20,mae,25,tanh,bi,1,13.554501326489008,18_20_25_tanh
18,20,mae,25,tanh,bi,2,13.731671129942502,18_20_25_tanh
18,20,mae,25,tanh,bi,3,13.584507262636583,18_20_25_tanh
18,20,mae,25,tanh,bi,4,13.25557067069628,18_20_25_tanh
18,20,mae,25,tanh,bi,5,13.183231523949162,18_20_25_tanh
18,20,mae,25,tanh,bi,6,13.420481560424683,18_20_25_tanh
18,20,mae,25,tanh,bi,7,13.185045310644272,18_20_25_tanh
18,20,mae,25,tanh,bi,8,13.176631770550713,18_20_25_tanh
18,20,mae,25,tanh,bi,9,13.133451912976023,18_20_25_tanh
18,20,mae,25,tanh,bi,10,13.230168516164682,18_20_25_tanh
18,20,mae,25,tanh,bi,11,13.166392327695862,18_20_25_tanh
18,20,mae,25,tanh,bi,12,13.57844994859831,18_20_25_tanh
18,20,mae,25,tanh,bi,13,13.340372553210225,18_20_25_tanh
18,20,mae,25,tanh,bi,14,13.352560915219065,18_20_25_tanh
18,20,mae,25,tanh,bi,15,13.232010924305497,18_20_25_tanh
18,20,mae,25,tanh,bi,16,13.402408634898688,18_20_25_tanh
18,20,mae,25,tanh,bi,17,13.323275781633889,18_20_25_tanh
18,20,mae,25,tanh,bi,18,13.82107505972312,18_20_25_tanh
18,20,mae,25,tanh,bi,19,13.201077221352334,18_20_25_tanh
18,20,mae,25,tanh,bi,20,13.38593059556215,18_20_25_tanh
18,20,mae,25,tanh,bi,21,13.305597148931199,18_20_25_tanh
18,20,mae,25,tanh,bi,22,13.424940481138124,18_20_25_tanh
18,20,mae,25,tanh,bi,23,13.529657687086045,18_20_25_tanh
18,20,mae,25,tanh,bi,24,13.23424298682001,18_20_25_tanh
18,20,mae,25,tanh,bi,25,13.44248906123396,18_20_25_tanh
18,20,mae,25,tanh,bi,26,13.356462309940555,18_20_25_tanh
18,20,mae,25,tanh,bi,27,13.452495944472542,18_20_25_tanh
18,20,mae,25,tanh,bi,28,13.172425910824515,18_20_25_tanh
18,20,mae,25,tanh,bi,29,13.553836959999298,18_20_25_tanh
18,20,mae,25,tanh,bi,,13.156077528728794,18_20_25_tanh
