input_len,output_len,loss,bottleneck_size,bottleneck_activation,LSTM_type,num,smape,mase*
12,12,mae,25,leaky,bi,0,13.23781605755587,2.4868030460749666
12,12,mae,25,leaky,bi,1,13.527564482984983,2.577807998040052
12,12,mae,25,leaky,bi,2,13.505547164563197,2.5323757091911574
12,12,mae,25,leaky,bi,3,13.579140559917203,2.5830051291817306
12,12,mae,25,leaky,bi,4,13.346444924537138,2.529385212951561
12,12,mae,25,leaky,bi,5,13.31576162627733,2.4919620115006365
12,12,mae,25,leaky,bi,6,13.37909137660781,2.5438231271704175
12,12,mae,25,leaky,bi,7,13.466163870398937,2.554650873439979
12,12,mae,25,leaky,bi,8,13.494756371550517,2.5658546047086705
12,12,mae,25,leaky,bi,9,13.495215317877857,2.541828098179938
12,12,mae,25,leaky,bi,,13.381774275786924,2.5361913505987213
12,12,mae,25,tanh,uni,0,13.312926502039462,2.503624550705024
12,12,mae,25,tanh,uni,1,13.485916068882524,2.535772695919077
12,12,mae,25,tanh,uni,2,13.430239793003821,2.5413923664896054
12,12,mae,25,tanh,uni,3,13.784611853086922,2.611486399960104
12,12,mae,25,tanh,uni,4,13.28791040517253,2.4898299116876212
12,12,mae,25,tanh,uni,5,13.328412005662269,2.5115686456523068
12,12,mae,25,tanh,uni,6,13.25894380059563,2.499612268054656
12,12,mae,25,tanh,uni,7,13.415909373737804,2.5281545040401405
12,12,mae,25,tanh,uni,8,13.37032480052606,2.523888180734399
12,12,mae,25,tanh,uni,9,13.27578567725553,2.4982129790675365
12,12,mae,25,tanh,uni,,13.321634101071563,2.5125445049801423
12,12,mae,50,relu,uni,0,13.62483114749387,227007529043402.3
12,12,mae,50,relu,uni,1,13.22985748841937,227007529043402.22
12,12,mae,50,relu,uni,2,13.543917344493085,227007529043402.34
12,12,mae,50,relu,uni,3,13.319608321642994,227007529043402.25
12,12,mae,50,relu,uni,4,13.433561105219885,227007529043402.25
12,12,mae,50,relu,uni,5,13.350165241837248,227007529043402.25
12,12,mae,50,relu,uni,6,13.328001515966404,227007529043402.25
12,12,mae,50,relu,uni,7,13.312492064081077,227007529043402.25
12,12,mae,50,relu,uni,8,13.492189496255307,227007529043402.25
12,12,mae,50,relu,uni,9,13.305852600514145,227007529043402.25
12,12,mae,50,relu,uni,,13.322753197256713,227007529043402.25
12,12,mae,50,tanh,uni,0,13.498170955539416,2.569978611172007
12,12,mae,50,tanh,uni,1,13.266282168696007,2.496881798071417
12,12,mae,50,tanh,uni,2,13.4555383677104,2.53188342087553
12,12,mae,50,tanh,uni,3,13.505804524142834,2.5584857038903337
12,12,mae,50,tanh,uni,4,13.307987937517964,2.508650726451408
12,12,mae,50,tanh,uni,5,13.344279921037371,2.508008896623187
12,12,mae,50,tanh,uni,6,13.397836083496756,2.4984420543565404
12,12,mae,50,tanh,uni,7,13.456317652976056,2.533536159671076
12,12,mae,50,tanh,uni,8,13.423744106189044,2.5396625118175575
12,12,mae,50,tanh,uni,9,13.345554221796268,2.491327461176102
12,12,mae,50,tanh,uni,,13.338229672076508,2.516892951184534
12,12,mae,25,relu,uni,0,13.369211898371795,227007529043402.25
12,12,mae,25,relu,uni,1,13.628449500394419,227007529043402.25
12,12,mae,25,relu,uni,2,13.378311942674888,227007529043402.25
12,12,mae,25,relu,uni,3,13.259452577428426,227007529043402.22
12,12,mae,25,relu,uni,4,13.333250950982823,227007529043402.25
12,12,mae,25,relu,uni,5,13.439797916794834,227007529043402.25
12,12,mae,25,relu,uni,6,13.591426216362727,227007529043402.3
12,12,mae,25,relu,uni,7,13.920602188398266,227007529043402.34
12,12,mae,25,relu,uni,8,13.441994450353384,227007529043402.3
12,12,mae,25,relu,uni,9,13.504774361945868,227007529043402.25
12,12,mae,25,relu,uni,,13.399846677135878,227007529043402.25
12,12,mae,25,leaky,uni,0,13.368093228361293,2.52397472277357
12,12,mae,25,leaky,uni,1,13.438390602756177,2.4857973624797123
12,12,mae,25,leaky,uni,2,13.533374888807504,2.5146607824778116
12,12,mae,25,leaky,uni,3,13.599646493769223,2.5425557064329136
12,12,mae,25,leaky,uni,4,13.401834937642429,2.5235240920951894
12,12,mae,25,leaky,uni,5,13.504958850318395,2.5011707448423177
12,12,mae,25,leaky,uni,6,13.376679847351262,2.5234458898580816
12,12,mae,25,leaky,uni,7,13.648279614597445,2.5204140858990933
12,12,mae,25,leaky,uni,8,13.575013852024684,2.5801531442925283
12,12,mae,25,leaky,uni,9,13.412455032658407,2.529027726332044
12,12,mae,25,leaky,uni,,13.395477462971288,2.5178331553956577
12,12,mae,50,leaky,bi,0,13.314774909930433,2.486514072420876
12,12,mae,50,leaky,bi,1,13.387650650957742,2.506774788601315
12,12,mae,50,leaky,bi,2,13.480198518008166,2.5364033378525477
12,12,mae,50,leaky,bi,3,13.51123463787736,2.556241115209001
12,12,mae,50,leaky,bi,4,13.370535348224257,2.5392609794225827
12,12,mae,50,leaky,bi,5,13.1505988556848,2.463560088087903
12,12,mae,50,leaky,bi,6,13.475003498226778,2.5505623196276375
12,12,mae,50,leaky,bi,7,13.357683837292504,2.517755363473785
12,12,mae,50,leaky,bi,8,13.470730452552628,2.504435142619079
12,12,mae,50,leaky,bi,9,13.297792052155351,2.4981607238496766
12,12,mae,50,leaky,bi,,13.322820612098814,2.5074330246240675
12,12,mae,100,leaky,bi,0,13.247183693543505,2.4930055770184882
12,12,mae,100,leaky,bi,1,13.323581877772183,2.512848745933514
12,12,mae,100,leaky,bi,2,13.406163992663863,2.542416769531332
12,12,mae,100,leaky,bi,3,13.220715512548265,2.4887844277137394
12,12,mae,100,leaky,bi,4,13.592169680411812,2.5946761695801905
12,12,mae,100,leaky,bi,5,13.303784323924589,2.4923827242925993
12,12,mae,100,leaky,bi,6,13.553961209075366,2.5326510463640757
12,12,mae,100,leaky,bi,7,13.42277670600756,2.5149813010192523
12,12,mae,100,leaky,bi,8,13.390247695353747,2.5401996452983413
12,12,mae,100,leaky,bi,9,13.394523590711291,2.5415864164798294
12,12,mae,100,leaky,bi,,13.306076522814374,2.515592017502809
12,12,mae,50,tanh,bi,0,13.248123809167373,2.496415108114131
12,12,mae,50,tanh,bi,1,13.322009911703464,2.5027583369235504
12,12,mae,50,tanh,bi,2,13.400477532978895,2.5255653265579467
12,12,mae,50,tanh,bi,3,13.3672571558084,2.543688796794439
12,12,mae,50,tanh,bi,4,13.26011059550343,2.5036019964508833
12,12,mae,50,tanh,bi,5,13.43568301828742,2.5349309409125214
12,12,mae,50,tanh,bi,6,13.401864953567914,2.5335471671966987
12,12,mae,50,tanh,bi,7,13.34664897983794,2.5232535588093303
12,12,mae,50,tanh,bi,8,13.242542733956538,2.4805316734750207
12,12,mae,50,tanh,bi,9,13.399573352486396,2.503898884011604
12,12,mae,50,tanh,bi,,13.30153097009442,2.508198407134209
12,12,mae,50,relu,bi,0,13.393880944153025,227007529043402.25
12,12,mae,50,relu,bi,1,13.20388259501324,227007529043402.25
12,12,mae,50,relu,bi,2,13.369537852617924,227007529043402.25
12,12,mae,50,relu,bi,3,13.252516848216805,227007529043402.25
12,12,mae,50,relu,bi,4,13.747727839551532,227007529043402.3
12,12,mae,50,relu,bi,5,13.347824314406003,227007529043402.25
12,12,mae,50,relu,bi,6,13.299122800502596,227007529043402.25
12,12,mae,50,relu,bi,7,13.37953760024716,227007529043402.25
12,12,mae,50,relu,bi,8,13.472881175551494,227007529043402.3
12,12,mae,50,relu,bi,9,13.370113790508187,227007529043402.25
12,12,mae,50,relu,bi,,13.321533118989379,227007529043402.25
12,12,mae,25,tanh,bi,0,13.33978417800976,2.526645758206131
12,12,mae,25,tanh,bi,1,13.622245627982975,2.610927006549418
12,12,mae,25,tanh,bi,2,13.22298582456269,2.4881833041442865
12,12,mae,25,tanh,bi,3,13.446358007301109,2.559887027730087
12,12,mae,25,tanh,bi,4,13.425679249056744,2.486113092768971
12,12,mae,25,tanh,bi,5,13.579069920094616,2.534071788775972
12,12,mae,25,tanh,bi,6,13.419104632144876,2.5422939665722706
12,12,mae,25,tanh,bi,7,13.322257260112675,2.5050713227743078
12,12,mae,25,tanh,bi,8,13.412332308072077,2.518546079972332
12,12,mae,25,tanh,bi,9,13.282354522873037,2.5066047305208246
12,12,mae,25,tanh,bi,,13.302513634886944,2.5127258580169993
12,12,mae,25,relu,bi,0,13.297551264340402,227007529043402.25
12,12,mae,25,relu,bi,1,13.334227926393435,227007529043402.25
12,12,mae,25,relu,bi,2,13.280584444237789,227007529043402.25
12,12,mae,25,relu,bi,3,13.222833950620728,227007529043402.25
12,12,mae,25,relu,bi,4,13.486075352455044,227007529043402.3
12,12,mae,25,relu,bi,5,13.31916747253411,227007529043402.25
12,12,mae,25,relu,bi,6,13.331672576194777,227007529043402.25
12,12,mae,25,relu,bi,7,13.334837321105798,227007529043402.25
12,12,mae,25,relu,bi,8,13.598532890697516,227007529043402.25
12,12,mae,25,relu,bi,9,13.354699727077545,227007529043402.25
12,12,mae,25,relu,bi,,13.261324887729396,227007529043402.25
12,12,mae,50,leaky,uni,0,13.44388026807297,2.5505288253837732
12,12,mae,50,leaky,uni,1,13.466812490252755,2.5542705838008195
12,12,mae,50,leaky,uni,2,13.380400965301977,2.522994988395253
12,12,mae,50,leaky,uni,3,13.638560432754007,2.610401222139217
12,12,mae,50,leaky,uni,4,13.580577988624256,2.5833907410511037
12,12,mae,50,leaky,uni,5,13.433396227824058,2.534595386145891
12,12,mae,50,leaky,uni,6,13.378988936176826,2.521807619958903
12,12,mae,50,leaky,uni,7,13.412926863322634,2.5286484292142393
12,12,mae,50,leaky,uni,8,13.334019529223125,2.5049772955745997
12,12,mae,50,leaky,uni,9,13.51088160941675,2.5340445456554503
12,12,mae,50,leaky,uni,,13.39095733168897,2.5342578366541204
18,12,mae,25,leaky,uni,0,13.126695243960201,2.6820760519367055
18,12,mae,25,leaky,uni,1,13.179735642085742,2.693371817963695
18,12,mae,25,leaky,uni,2,13.267708293149896,2.676183487928795
18,12,mae,25,leaky,uni,3,13.1867225426902,2.689827436866911
18,12,mae,25,leaky,uni,4,13.261235565620659,2.733650289178903
18,12,mae,25,leaky,uni,5,13.264980535299363,2.695330647854278
18,12,mae,25,leaky,uni,6,13.301728343066053,2.7281748865851787
18,12,mae,25,leaky,uni,7,13.266208978024503,2.7194411567089607
18,12,mae,25,leaky,uni,8,13.236741609516164,2.696223670016855
18,12,mae,25,leaky,uni,9,13.558159909223603,2.8186755699814747
18,12,mae,25,leaky,uni,,13.168994461602628,2.696134445222765
18,12,mse,25,tanh,uni,0,38.16863395654751,7.802232159196031
18,12,mse,25,tanh,uni,1,179.88278814820285,43.35507186566694
18,12,mse,25,tanh,uni,2,41.96974499999309,16.386741157016434
18,12,mse,25,tanh,uni,3,17.90213152350288,3.658439785747234
18,12,mse,25,tanh,uni,4,18.613942658273082,3.762197399809841
18,12,mse,25,tanh,uni,5,20.530604977113246,4.804024209329548
18,12,mse,25,tanh,uni,6,30.786497778415644,7.62042287412285
18,12,mse,25,tanh,uni,7,23.229958364806972,4.807562613979134
18,12,mse,25,tanh,uni,8,24.20096124179393,5.1084539209695095
18,12,mse,25,tanh,uni,9,39.12569747250114,9.050599679463813
18,12,mse,25,tanh,uni,,21.68078567248804,4.4712289678525
18,12,mse,50,relu,bi,0,15.694482945855963,3.1127844503758735
18,12,mse,50,relu,bi,1,23.37615029864243,10.91666188907175
18,12,mse,50,relu,bi,2,19.652648960920043,4.045499385682987
18,12,mse,50,relu,bi,3,15.93198483400737,3.1351955881692057
18,12,mse,50,relu,bi,4,17.366369972642044,3.519256714919458
18,12,mse,50,relu,bi,5,43.31184806132718,9.068055672317078
18,12,mse,50,relu,bi,6,46.139055605311704,10.617075579387196
18,12,mse,50,relu,bi,7,23.65203444034547,5.4432882345129725
18,12,mse,50,relu,bi,8,89.4079128853488,27.677936544306597
18,12,mse,50,relu,bi,9,38.60450052820692,9.96430932098183
18,12,mse,50,relu,bi,,16.801634568863903,3.339508954862068
18,12,mse,200,leaky,uni,0,110.58269935387013,24.299983075690406
18,12,mse,200,leaky,uni,1,49.81585538808715,10.930308288636946
18,12,mse,200,leaky,uni,2,24.60529038592438,5.4653237747289225
18,12,mse,200,leaky,uni,3,25.71106502194539,5.779657761120055
18,12,mse,200,leaky,uni,4,17.269775292045313,3.865683570462039
18,12,mse,200,leaky,uni,5,28.063654297071842,6.4658379000432324
18,12,mse,200,leaky,uni,6,23.169980164716527,6.712220574256437
18,12,mse,200,leaky,uni,7,21.18315770769035,4.341384725192304
18,12,mse,200,leaky,uni,8,28.767230601331704,6.253013132852715
18,12,mse,200,leaky,uni,9,42.17092833753003,8.336136946886112
18,12,mse,200,leaky,uni,,20.890973481563336,4.333986299155799
18,12,mse,200,tanh,bi,0,67.38070807185194,14.438456444036488
18,12,mse,200,tanh,bi,1,40.4831167576995,7.916180106939303
18,12,mse,200,tanh,bi,2,22.719142688318737,4.68857670361978
18,12,mse,200,tanh,bi,3,20.746695541991198,4.281921195623522
18,12,mse,200,tanh,bi,4,22.77313863124179,5.1068806598089935
18,12,mse,200,tanh,bi,5,26.643186764793647,6.5621931275531
18,12,mse,200,tanh,bi,6,25.50726331880948,5.774711991082568
18,12,mse,200,tanh,bi,7,16.124130994556555,3.2574268531119728
18,12,mse,200,tanh,bi,8,36.02034769835606,10.979419986984782
18,12,mse,200,tanh,bi,9,120.72767659901237,47.39892408035297
18,12,mse,200,tanh,bi,,18.65566547089262,3.847346470938164
18,8,mae,100,relu,bi,0,13.453869042912883,2.7769721670094487
18,8,mae,100,relu,bi,1,13.19875102670211,2.7136939514898226
18,8,mae,100,relu,bi,2,13.40823319463513,2.7743269238018264
18,8,mae,100,relu,bi,3,13.288517795551376,2.737567379933307
18,8,mae,100,relu,bi,4,13.308184172878564,2.7400752710972758
18,8,mae,100,relu,bi,5,13.167986565816681,2.673698800674454
18,8,mae,100,relu,bi,6,13.491349767616594,2.8189206014152073
18,8,mae,100,relu,bi,7,13.249289602401808,2.715520678750589
18,8,mae,100,relu,bi,8,13.214032025782505,2.69596659452309
18,8,mae,100,relu,bi,9,13.265718058025985,2.720022570947522
18,8,mae,100,relu,bi,,13.244349811924739,2.724853675906314
18,12,mae,250,tanh,uni,0,13.429136353311774,2.7774894253650557
18,12,mae,250,tanh,uni,1,13.280906063379534,2.738271800719625
18,12,mae,250,tanh,uni,2,13.357464135612354,2.688930231110451
18,12,mae,250,tanh,uni,3,13.357353715389158,2.7640474983113257
18,12,mae,250,tanh,uni,4,13.277373604515446,2.683758482943856
18,12,mae,250,tanh,uni,5,13.259115018217136,2.716040994487621
18,12,mae,250,tanh,uni,6,13.215141345358914,2.706451856914747
18,12,mae,250,tanh,uni,7,13.183644623036885,2.675792883028127
18,12,mae,250,tanh,uni,8,13.161054574453088,2.706750551445931
18,12,mae,250,tanh,uni,9,13.31999196679791,2.712364550009768
18,12,mae,250,tanh,uni,,13.167219574669677,2.6997522790369537
18,8,mae,250,tanh,bi,0,13.362876884811682,2.7391659882853165
18,8,mae,250,tanh,bi,1,13.284219159017502,2.737788975949722
18,8,mae,250,tanh,bi,2,13.379190182308799,2.7133846162829354
18,8,mae,250,tanh,bi,3,13.266757353849972,2.685453307155178
18,8,mae,250,tanh,bi,4,13.103890943254825,2.6722233225396517
18,8,mae,250,tanh,bi,5,13.230698295027057,2.720177782066083
18,8,mae,250,tanh,bi,6,13.10072513642987,2.6938959784807994
18,8,mae,250,tanh,bi,7,13.10108857543811,2.6635766567899233
18,8,mae,250,tanh,bi,8,13.156605199225254,2.6765828722901195
18,8,mae,250,tanh,bi,9,13.195021864727337,2.703153705120977
18,8,mae,250,tanh,bi,,13.14241917352549,2.6882171046231074
18,12,mse,25,leaky,bi,0,38.6205235780198,7.475512736813707
18,12,mse,25,leaky,bi,1,32.791654691192136,6.155974626785453
18,12,mse,25,leaky,bi,2,34.72250377412903,7.502113825994137
18,12,mse,25,leaky,bi,3,21.763087035507557,4.377651266482142
18,12,mse,25,leaky,bi,4,23.620533862240055,5.295190848706952
18,12,mse,25,leaky,bi,5,34.13273844677469,7.3507547080485836
18,12,mse,25,leaky,bi,6,54.40597562069514,10.671194718012732
18,12,mse,25,leaky,bi,7,19.875182009151104,4.532800352602369
18,12,mse,25,leaky,bi,8,31.18087479506922,5.785616180613214
18,12,mse,25,leaky,bi,9,21.845476492220282,4.924246081849476
18,12,mse,25,leaky,bi,,20.57751157506638,4.238085284573776
18,8,mae,25,leaky,bi,0,13.469220832172887,2.797445361654144
18,8,mae,25,leaky,bi,1,13.10445707277262,2.6761394422992013
18,8,mae,25,leaky,bi,2,13.156975853300668,2.6875382933438097
18,8,mae,25,leaky,bi,3,13.369101203013019,2.712724465192245
18,8,mae,25,leaky,bi,4,13.3693800062014,2.7589111663142813
18,8,mae,25,leaky,bi,5,13.192553519261233,2.690814401154108
18,8,mae,25,leaky,bi,6,13.064039401499043,2.661128444920935
18,8,mae,25,leaky,bi,7,13.160818639768946,2.665290795736203
18,8,mae,25,leaky,bi,8,13.221255420407978,2.7194944152325586
18,8,mae,25,leaky,bi,9,13.184683851827597,2.6911489024100894
18,8,mae,25,leaky,bi,,13.133882558906517,2.685537914452858
18,12,mse,100,tanh,uni,0,24.219603409808833,5.655484266267656
18,12,mse,100,tanh,uni,1,17.867726796389437,4.317065423047417
18,12,mse,100,tanh,uni,2,26.804215908832948,5.720664500087258
18,12,mse,100,tanh,uni,3,17.03140943777752,3.356339861193303
18,12,mse,100,tanh,uni,4,19.3820796844684,3.831160840391754
18,12,mse,100,tanh,uni,5,20.214465546594532,4.203228857231179
18,12,mse,100,tanh,uni,6,31.928778548477137,6.564415850761029
18,12,mse,100,tanh,uni,7,17.705356169869887,3.518197453137839
18,12,mse,100,tanh,uni,8,17.149523506261872,3.343568973181805
18,12,mse,100,tanh,uni,9,47.842696999688854,17.820280027353945
18,12,mse,100,tanh,uni,,17.598780759351982,3.460549040895709
18,12,mae,100,relu,bi,0,13.216872036351164,2.721171244711601
18,12,mae,100,relu,bi,1,13.04088125071633,2.6589679905816577
18,12,mae,100,relu,bi,2,13.4077662947677,2.778683038047797
18,12,mae,100,relu,bi,3,13.154552005198095,2.703459931079415
18,12,mae,100,relu,bi,4,13.147169079744891,2.7014691968241595
18,12,mae,100,relu,bi,5,13.375334298893192,2.7179971418163946
18,12,mae,100,relu,bi,6,13.20407818583553,2.711936486956051
18,12,mae,100,relu,bi,7,13.661143997667732,2.727162638664908
18,12,mae,100,relu,bi,8,13.442651077266353,2.763994009281186
18,12,mae,100,relu,bi,9,13.470712214910213,2.8095958208251397
18,12,mae,100,relu,bi,,13.169847973367705,2.7102361064593703
18,6,mae,250,leaky,bi,0,13.190227343701757,2.6855857865727026
18,6,mae,250,leaky,bi,1,13.338057833887593,2.7488799428380157
18,6,mae,250,leaky,bi,2,13.260662456887227,2.716131441562081
18,6,mae,250,leaky,bi,3,13.136931388640022,2.68314808898359
18,6,mae,250,leaky,bi,4,13.151621214796759,2.6790409400940653
18,6,mae,250,leaky,bi,5,13.162767029429288,2.6615073136295515
18,6,mae,250,leaky,bi,6,13.089129701497747,2.6752393357545388
18,6,mae,250,leaky,bi,7,13.150793108551698,2.6867038896855857
18,6,mae,250,leaky,bi,8,13.200131840602179,2.711166535058483
18,6,mae,250,leaky,bi,9,13.398443860214359,2.7371548530639256
18,6,mae,250,leaky,bi,,13.105110531177711,2.680946004954699
18,12,mse,200,leaky,bi,0,18.72053384131946,3.95857476496485
18,12,mse,200,leaky,bi,1,25.526403042980757,6.972173552077909
18,12,mse,200,leaky,bi,2,38.19320769243404,7.723708172962697
18,12,mse,200,leaky,bi,3,24.525974383673123,5.144293959456339
18,12,mse,200,leaky,bi,4,34.25205619769142,7.16749964523672
18,12,mse,200,leaky,bi,5,17.46065039654788,3.517120332521271
18,12,mse,200,leaky,bi,6,32.044141714066036,7.321892730448453
18,12,mse,200,leaky,bi,7,29.834443976632613,6.205268531828437
18,12,mse,200,leaky,bi,8,20.1662228161629,4.261490837749522
18,12,mse,200,leaky,bi,9,24.592259355308965,5.571314827989201
18,12,mse,200,leaky,bi,,18.028127756762213,3.632250201819169
18,12,mse,50,relu,uni,0,30.05491476219022,6.453571319716838
18,12,mse,50,relu,uni,1,53.29439037805581,19.704611430986333
18,12,mse,50,relu,uni,2,17.03169652841133,3.3460102486829166
18,12,mse,50,relu,uni,3,30.376356014352602,7.458520069382969
18,12,mse,50,relu,uni,4,39.25853300581887,10.47529703914211
18,12,mse,50,relu,uni,5,116.12905958022513,26.123913417543598
18,12,mse,50,relu,uni,6,24.430979427701438,5.317328644024236
18,12,mse,50,relu,uni,7,27.961845003013217,5.881566169836467
18,12,mse,50,relu,uni,8,20.968348740991978,4.255361599386021
18,12,mse,50,relu,uni,9,21.188684254390626,4.282001353510029
18,12,mse,50,relu,uni,,20.058707190039254,3.9974389181850065
18,8,mae,250,leaky,bi,0,13.309620833993474,2.7563823744367415
18,8,mae,250,leaky,bi,1,13.502660875063187,2.7833408740411034
18,8,mae,250,leaky,bi,2,13.311630378383697,2.7336424402077113
18,8,mae,250,leaky,bi,3,13.247549127318146,2.6630373815828325
18,8,mae,250,leaky,bi,4,13.054859223262579,2.658466478480516
18,8,mae,250,leaky,bi,5,13.08731943263612,2.670442286097251
18,8,mae,250,leaky,bi,6,13.2418260759122,2.7191315498979796
18,8,mae,250,leaky,bi,7,13.267488911559871,2.728464843306492
18,8,mae,250,leaky,bi,8,13.265949534467694,2.6952147814987804
18,8,mae,250,leaky,bi,9,13.104585432671046,2.6729266211690907
18,8,mae,250,leaky,bi,,13.111878229784335,2.6856360093988028
18,6,mae,250,relu,bi,0,13.342031805410379,2.7541853647318977
18,6,mae,250,relu,bi,1,13.147111130744943,2.676226877947281
18,6,mae,250,relu,bi,2,13.195097549406988,2.68878601085479
18,6,mae,250,relu,bi,3,13.199698531624492,2.7150697282215805
18,6,mae,250,relu,bi,4,13.430568725369719,2.778926484531383
18,6,mae,250,relu,bi,5,13.250156849172662,2.7163157839442973
18,6,mae,250,relu,bi,6,13.36291809643846,2.734556301970074
18,6,mae,250,relu,bi,7,13.241540601080906,2.7228178241273246
18,6,mae,250,relu,bi,8,13.31746897993293,2.7377858145668545
18,6,mae,250,relu,bi,9,13.345750232322438,2.733043888789227
18,6,mae,250,relu,bi,,13.192433487722752,2.7088481106567976
18,12,mse,250,leaky,uni,0,94.97644086437344,19.40510930279206
18,12,mse,250,leaky,uni,1,38.652064206949085,9.897824148967018
18,12,mse,250,leaky,uni,2,28.88957954121621,6.377808513008732
18,12,mse,250,leaky,uni,3,53.79062106972382,11.228851776640367
18,12,mse,250,leaky,uni,4,27.894599498488653,6.051555219080875
18,12,mse,250,leaky,uni,5,54.33611140604151,11.757294293869178
18,12,mse,250,leaky,uni,6,32.364187120545495,7.450069329098472
18,12,mse,250,leaky,uni,7,20.011894855273905,4.130005807276367
18,12,mse,250,leaky,uni,8,19.681059318760507,4.896914107386277
18,12,mse,250,leaky,uni,9,17.676847808945045,3.5258500796272476
18,12,mse,250,leaky,uni,,22.018059727641415,4.6008444808772095
18,12,mse,50,tanh,uni,0,31.976955637966917,9.454756552063671
18,12,mse,50,tanh,uni,1,17.0210710603846,3.3239333741291035
18,12,mse,50,tanh,uni,2,26.45232864142685,5.558330788066954
18,12,mse,50,tanh,uni,3,28.285586368960693,5.861574252032934
18,12,mse,50,tanh,uni,4,24.538994614698215,4.98022122781519
18,12,mse,50,tanh,uni,5,28.789485068131068,6.954767365029745
18,12,mse,50,tanh,uni,6,22.407576266374555,4.733488804072846
18,12,mse,50,tanh,uni,7,22.47123555312437,5.171656318955615
18,12,mse,50,tanh,uni,8,17.80141334177331,3.461970370642178
18,12,mse,50,tanh,uni,9,48.763597842780385,9.717107380984542
18,12,mse,50,tanh,uni,,20.109017552961944,4.0005323845851395
18,6,mae,25,tanh,bi,0,13.106003759633426,2.671056784090744
18,6,mae,25,tanh,bi,1,13.480418919291724,2.7887908780444155
18,6,mae,25,tanh,bi,2,13.299404258685364,2.73012192092081
18,6,mae,25,tanh,bi,3,13.131107635551691,2.6675654074938526
18,6,mae,25,tanh,bi,4,13.194824459197187,2.6888064195680808
18,6,mae,25,tanh,bi,5,13.421686267251204,2.783569316403196
18,6,mae,25,tanh,bi,6,13.304772644240474,2.735974302069075
18,6,mae,25,tanh,bi,7,13.118166226437895,2.6836653279064513
18,6,mae,25,tanh,bi,8,13.228167436039564,2.6898622305605904
18,6,mae,25,tanh,bi,9,13.224073407084367,2.728554765447249
18,6,mae,25,tanh,bi,,13.1483831938853,2.69553707194109
18,12,mae,25,leaky,bi,0,13.094659578418579,2.678333138199857
18,12,mae,25,leaky,bi,1,13.10030384330103,2.6449424073427563
18,12,mae,25,leaky,bi,2,13.34145739424423,2.693112781707258
18,12,mae,25,leaky,bi,3,13.281434916337123,2.746014859799236
18,12,mae,25,leaky,bi,4,13.273317627577635,2.7295010601506227
18,12,mae,25,leaky,bi,5,13.254675599826273,2.7288412518264207
18,12,mae,25,leaky,bi,6,13.246778581090876,2.692793848291068
18,12,mae,25,leaky,bi,7,13.292600698848053,2.737626923139476
18,12,mae,25,leaky,bi,8,13.255811975273588,2.72188207987901
18,12,mae,25,leaky,bi,9,13.091290394700419,2.6836062572774693
18,12,mae,25,leaky,bi,,13.15364757367606,2.699586072377753
18,12,mse,100,tanh,bi,0,17.99606136475925,3.5164693503440567
18,12,mse,100,tanh,bi,1,22.8019260277513,4.61801730328591
18,12,mse,100,tanh,bi,2,17.196194735324834,4.184719176969453
18,12,mse,100,tanh,bi,3,185.07655234418328,614.0597612402519
18,12,mse,100,tanh,bi,4,18.939757614822007,3.9919781618008465
18,12,mse,100,tanh,bi,5,16.09360428504184,3.2717005693290093
18,12,mse,100,tanh,bi,6,53.544946129897895,9.768608533145187
18,12,mse,100,tanh,bi,7,17.270413101674674,3.487782709912022
18,12,mse,100,tanh,bi,8,18.15652323379364,3.955003430504772
18,12,mse,100,tanh,bi,9,22.13223782469135,4.683604252689655
18,12,mse,100,tanh,bi,,16.891124443132348,3.344787285677233
18,12,mae,200,relu,uni,0,13.174702379257456,2.6812296798763606
18,12,mae,200,relu,uni,1,13.185071481034225,2.7115541675029498
18,12,mae,200,relu,uni,2,13.173210975188068,2.7012620717733893
18,12,mae,200,relu,uni,3,13.098285557472831,2.6621688327109236
18,12,mae,200,relu,uni,4,13.179440201379066,2.6719486995601103
18,12,mae,200,relu,uni,5,13.357322343127564,2.7688417040861815
18,12,mae,200,relu,uni,6,13.223679423321578,2.6901692387384517
18,12,mae,200,relu,uni,7,13.486502475862366,2.8101934932333137
18,12,mae,200,relu,uni,8,13.242794798524443,2.7027536531367033
18,12,mae,200,relu,uni,9,13.199526948697514,2.68892816847192
18,12,mae,200,relu,uni,,13.123916864706612,2.688682050647607
18,12,mae,200,tanh,uni,0,13.113703491726561,2.6839398129223015
18,12,mae,200,tanh,uni,1,13.277440114118368,2.707390347619324
18,12,mae,200,tanh,uni,2,13.198462153264554,2.7188947031416957
18,12,mae,200,tanh,uni,3,13.385076159265545,2.73093316051813
18,12,mae,200,tanh,uni,4,13.023154352652536,2.644727505519391
18,12,mae,200,tanh,uni,5,13.079197971628316,2.6570750369626337
18,12,mae,200,tanh,uni,6,13.373549476038468,2.7250969700264305
18,12,mae,200,tanh,uni,7,13.03724141641595,2.6709838666439536
18,12,mae,200,tanh,uni,8,13.087483301155856,2.670067192390795
18,12,mae,200,tanh,uni,9,13.11555929470378,2.6733339926757993
18,12,mae,200,tanh,uni,,13.079392612055768,2.675893699858664
18,12,mse,25,leaky,uni,0,33.518764429244285,8.646922329969314
18,12,mse,25,leaky,uni,1,21.876711475371778,4.489182870289896
18,12,mse,25,leaky,uni,2,40.27406623593147,11.972852720653615
18,12,mse,25,leaky,uni,3,20.463104446904396,4.1430710439196945
18,12,mse,25,leaky,uni,4,20.2835598266038,4.169388523850499
18,12,mse,25,leaky,uni,5,23.297954315577893,6.947994834394824
18,12,mse,25,leaky,uni,6,20.197680266876986,4.507507824878629
18,12,mse,25,leaky,uni,7,40.968961400856145,7.91044482161775
18,12,mse,25,leaky,uni,8,21.280550836609187,4.554328945400442
18,12,mse,25,leaky,uni,9,16.830290925555826,3.316646349813592
18,12,mse,25,leaky,uni,,18.571053687722515,3.7043471070576386
18,12,mae,25,relu,bi,0,13.140409793662814,2.6852647995817382
18,12,mae,25,relu,bi,1,13.11049816340505,2.676193228223796
18,12,mae,25,relu,bi,2,13.284771408580157,2.710391854682447
18,12,mae,25,relu,bi,3,13.265101267393476,2.6711395942786496
18,12,mae,25,relu,bi,4,13.216599340044718,2.713226791405426
18,12,mae,25,relu,bi,5,13.158990348046151,2.671418649688624
18,12,mae,25,relu,bi,6,13.263326077581285,2.7071467040908805
18,12,mae,25,relu,bi,7,13.2595787751765,2.733855036374375
18,12,mae,25,relu,bi,8,13.210247960444976,2.716588634826791
18,12,mae,25,relu,bi,9,13.10451723276255,2.660089556173676
18,12,mae,25,relu,bi,,13.129174102454362,2.685227923951669
18,12,mae,200,relu,bi,0,13.032223853680149,2.6543478486091576
18,12,mae,200,relu,bi,1,13.11840889442991,2.680666031261227
18,12,mae,200,relu,bi,2,13.318568157237438,2.7348155855692418
18,12,mae,200,relu,bi,3,13.124628442713401,2.6937157849062143
18,12,mae,200,relu,bi,4,13.141326331371841,2.701138002929679
18,12,mae,200,relu,bi,5,13.237859410395519,2.702755660006251
18,12,mae,200,relu,bi,6,13.183648124404785,2.713408393093372
18,12,mae,200,relu,bi,7,13.356240432442009,2.667457764604937
18,12,mae,200,relu,bi,8,13.067936815520463,2.653482406981891
18,12,mae,200,relu,bi,9,13.191650346807497,2.69952241395892
18,12,mae,200,relu,bi,,13.076728787360468,2.6771150624117253
18,6,mae,200,leaky,bi,0,13.285275241383184,2.7103089023248916
18,6,mae,200,leaky,bi,1,13.201979170842327,2.7066728117565155
18,6,mae,200,leaky,bi,2,13.21725867839389,2.6873279681244995
18,6,mae,200,leaky,bi,3,13.319962458697418,2.7623776246913705
18,6,mae,200,leaky,bi,4,13.210033455015378,2.694921150936257
18,6,mae,200,leaky,bi,5,13.289550069076622,2.745812182587371
18,6,mae,200,leaky,bi,6,13.101202487803787,2.667665300504758
18,6,mae,200,leaky,bi,7,13.1109354073492,2.6683988221261212
18,6,mae,200,leaky,bi,8,13.491037244223074,2.7328575764676715
18,6,mae,200,leaky,bi,9,13.122404132790148,2.6872074779529895
18,6,mae,200,leaky,bi,,13.12113874425855,2.6857258891472706
18,12,mse,250,tanh,bi,0,27.203149935799615,5.380159804486716
18,12,mse,250,tanh,bi,1,19.106744023387506,4.109757694708922
18,12,mse,250,tanh,bi,2,127.42889012394096,35.870734928481795
18,12,mse,250,tanh,bi,3,21.231256452745292,4.556511713493306
18,12,mse,250,tanh,bi,4,25.42466324184345,12.481145400772505
18,12,mse,250,tanh,bi,5,59.64190984968076,11.127389366348956
18,12,mse,250,tanh,bi,6,19.177840762543703,3.857162439236549
18,12,mse,250,tanh,bi,7,16.415513729196437,3.308535266395249
18,12,mse,250,tanh,bi,8,43.26350532574121,9.581099179555867
18,12,mse,250,tanh,bi,9,30.98322190013564,6.650748901273321
18,12,mse,250,tanh,bi,,18.142565910320336,3.6371583025278613
18,12,mae,25,relu,uni,0,13.351397929004966,2.76741776815236
18,12,mae,25,relu,uni,1,13.349938459715124,2.751716759066115
18,12,mae,25,relu,uni,2,13.255008662918536,2.7099856348951263
18,12,mae,25,relu,uni,3,13.26411451566982,2.712340581459862
18,12,mae,25,relu,uni,4,13.296421211048374,2.747198362664462
18,12,mae,25,relu,uni,5,13.226613715677601,2.714581593489621
18,12,mae,25,relu,uni,6,13.391844301478544,2.7284583504076827
18,12,mae,25,relu,uni,7,13.258611042126294,2.703650380811222
18,12,mae,25,relu,uni,8,13.175124028612338,2.692024443080532
18,12,mae,25,relu,uni,9,13.185444481618251,2.6960263228253125
18,12,mae,25,relu,uni,,13.207945261840075,2.7106360323241714
18,12,mse,250,relu,uni,0,36.965410657308766,7.711332253948426
18,12,mse,250,relu,uni,1,26.310396036591786,6.3087937670354
18,12,mse,250,relu,uni,2,82.25515991391228,21.317092097575276
18,12,mse,250,relu,uni,3,21.861485782071394,4.562049365294689
18,12,mse,250,relu,uni,4,55.16195578868848,11.343183015168137
18,12,mse,250,relu,uni,5,43.7995365655939,8.901479828590064
18,12,mse,250,relu,uni,6,16.017494421457084,3.1366130499025893
18,12,mse,250,relu,uni,7,36.82482797629117,6.506465158273159
18,12,mse,250,relu,uni,8,18.932487253325977,3.9100030787939315
18,12,mse,250,relu,uni,9,27.400483339397265,5.850734140903965
18,12,mse,250,relu,uni,,22.64532361513521,4.700295176996389
18,12,mae,100,tanh,bi,0,13.26562486684789,2.7064107603825085
18,12,mae,100,tanh,bi,1,13.52477030087693,2.830342997891024
18,12,mae,100,tanh,bi,2,13.174518812372511,2.6946621632385335
18,12,mae,100,tanh,bi,3,13.88572789999091,2.949891637663081
18,12,mae,100,tanh,bi,4,13.11042846680922,2.692027015790416
18,12,mae,100,tanh,bi,5,13.129986886009585,2.6530316747611953
18,12,mae,100,tanh,bi,6,13.168657540172708,2.7014019018795925
18,12,mae,100,tanh,bi,7,13.061857766721216,2.6501190734653575
18,12,mae,100,tanh,bi,8,13.375773740128027,2.777451754961757
18,12,mae,100,tanh,bi,9,13.214610858522805,2.6970272028338282
18,12,mae,100,tanh,bi,,13.117633244299236,2.693188299923002
18,12,mse,25,tanh,bi,0,18.250106320915453,4.190628727138245
18,12,mse,25,tanh,bi,1,17.31566729546732,3.4782985414278
18,12,mse,25,tanh,bi,2,15.735711047448063,3.1614149635246176
18,12,mse,25,tanh,bi,3,18.55437259672751,3.7073245827286434
18,12,mse,25,tanh,bi,4,33.7576374593203,7.681382392678573
18,12,mse,25,tanh,bi,5,28.975596015340273,5.698866512797064
18,12,mse,25,tanh,bi,6,16.111682145139323,3.198458010588512
18,12,mse,25,tanh,bi,7,19.509740442889605,4.361611860268655
18,12,mse,25,tanh,bi,8,84.76176792739378,24.4123997972737
18,12,mse,25,tanh,bi,9,25.553766906071363,5.387473721736701
18,12,mse,25,tanh,bi,,16.451479917914654,3.3252744536900964
18,6,mae,50,tanh,bi,0,13.313700840001905,2.74468642755461
18,6,mae,50,tanh,bi,1,13.526398385008717,2.792761120318997
18,6,mae,50,tanh,bi,2,13.253204103360869,2.7279008143594328
18,6,mae,50,tanh,bi,3,13.224540204566575,2.723293024917788
18,6,mae,50,tanh,bi,4,13.16230042834135,2.678517157579224
18,6,mae,50,tanh,bi,5,13.183907586155609,2.7015086530472225
18,6,mae,50,tanh,bi,6,13.137947322184655,2.681875645157289
18,6,mae,50,tanh,bi,7,13.181230702668913,2.7036049942115423
18,6,mae,50,tanh,bi,8,13.288427485040769,2.7233000398432163
18,6,mae,50,tanh,bi,9,13.078350063197503,2.6742454689419817
18,6,mae,50,tanh,bi,,13.149688496585007,2.698117961977974
18,12,mae,250,relu,uni,0,13.364328371464097,2.7696961188493083
18,12,mae,250,relu,uni,1,13.152737805761609,2.684959335611336
18,12,mae,250,relu,uni,2,13.279238534522953,2.713994799710764
18,12,mae,250,relu,uni,3,13.102203204301869,2.6501095945057838
18,12,mae,250,relu,uni,4,13.160957090756137,2.6966294763394916
18,12,mae,250,relu,uni,5,13.135774310104654,2.667546119379221
18,12,mae,250,relu,uni,6,13.192112567354478,2.7111761446458025
18,12,mae,250,relu,uni,7,13.32867822970049,2.7208802482892147
18,12,mae,250,relu,uni,8,13.236534260636562,2.665723628023993
18,12,mae,250,relu,uni,9,13.314256546507222,2.7550357566102166
18,12,mae,250,relu,uni,,13.113597725348871,2.686046200951322
18,12,mse,25,relu,bi,0,49.343620979750966,17.914681378943417
18,12,mse,25,relu,bi,1,23.875172186039098,4.938243919235047
18,12,mse,25,relu,bi,2,20.70931134775861,4.4327767110829885
18,12,mse,25,relu,bi,3,15.097825178654208,3.0357076138319172
18,12,mse,25,relu,bi,4,18.78733338941402,3.8222480825163405
18,12,mse,25,relu,bi,5,66.52090630354797,12.949045083060152
18,12,mse,25,relu,bi,6,29.155230104189602,6.804384696923483
18,12,mse,25,relu,bi,7,33.23073651258912,6.803154245915645
18,12,mse,25,relu,bi,8,18.41803080563799,3.8343856224248785
18,12,mse,25,relu,bi,9,27.149108618498452,5.166329665908622
18,12,mse,25,relu,bi,,17.814240609488532,3.6499138539399527
18,12,mse,50,leaky,bi,0,36.898586714337405,7.609804546737038
18,12,mse,50,leaky,bi,1,47.141473290761276,9.574793498655465
18,12,mse,50,leaky,bi,2,15.492749159293272,3.130048678555788
18,12,mse,50,leaky,bi,3,42.65367009957196,9.229344335085447
18,12,mse,50,leaky,bi,4,15.219906532194539,3.1310170375483426
18,12,mse,50,leaky,bi,5,19.842659711266634,4.074943379855106
18,12,mse,50,leaky,bi,6,21.357202055582864,4.7211495990026435
18,12,mse,50,leaky,bi,7,19.31581690185668,4.019481329583606
18,12,mse,50,leaky,bi,8,19.01778033715598,4.044983434610162
18,12,mse,50,leaky,bi,9,27.476400347065695,6.537711507425024
18,12,mse,50,leaky,bi,,16.02185147487293,3.251014126539832
18,12,mae,25,tanh,uni,0,13.27464857820162,2.707380006484395
18,12,mae,25,tanh,uni,1,13.091705910822867,2.653488065109361
18,12,mae,25,tanh,uni,2,13.455276693532403,2.674657689348363
18,12,mae,25,tanh,uni,3,13.11422690569364,2.6684564146245386
18,12,mae,25,tanh,uni,4,13.290152233097379,2.7259033930487457
18,12,mae,25,tanh,uni,5,13.068763832623217,2.6608327986535
18,12,mae,25,tanh,uni,6,13.156035879359697,2.6828882878258646
18,12,mae,25,tanh,uni,7,13.19476842188541,2.7138523099641305
18,12,mae,25,tanh,uni,8,13.226140608741508,2.6798167061737193
18,12,mae,25,tanh,uni,9,13.354429919345367,2.7554341635503627
18,12,mae,25,tanh,uni,,13.115802946271653,2.6745070890315668
18,6,mae,200,relu,bi,0,13.335845378369738,2.7267965289678915
18,6,mae,200,relu,bi,1,13.132521934473031,2.679737131187566
18,6,mae,200,relu,bi,2,13.154220795384163,2.6780846948137356
18,6,mae,200,relu,bi,3,13.302958048417382,2.7155268816912477
18,6,mae,200,relu,bi,4,13.30956700602629,2.7409034086043724
18,6,mae,200,relu,bi,5,13.356536817177032,2.7523242931248633
18,6,mae,200,relu,bi,6,13.201417995316817,2.705611461251846
18,6,mae,200,relu,bi,7,13.185123914830521,2.6922360432736387
18,6,mae,200,relu,bi,8,13.210790532719479,2.706411410087395
18,6,mae,200,relu,bi,9,13.19612065547334,2.710011494137385
18,6,mae,200,relu,bi,,13.157106640326589,2.6977810253256567
18,8,mae,100,leaky,bi,0,13.328274068505355,2.732792570561181
18,8,mae,100,leaky,bi,1,13.323551575373928,2.7625066611621967
18,8,mae,100,leaky,bi,2,13.127904960457512,2.692795201341945
18,8,mae,100,leaky,bi,3,13.274441344631919,2.68502120966417
18,8,mae,100,leaky,bi,4,13.273188260313617,2.7293578499708464
18,8,mae,100,leaky,bi,5,13.148128505299892,2.697683207339869
18,8,mae,100,leaky,bi,6,13.216819589814682,2.7275299254449528
18,8,mae,100,leaky,bi,7,13.125943165840344,2.6752244898312627
18,8,mae,100,leaky,bi,8,13.096986176401524,2.657988237492026
18,8,mae,100,leaky,bi,9,13.311105613156444,2.746845750160159
18,8,mae,100,leaky,bi,,13.15037374235494,2.700357478439923
18,6,mae,200,tanh,bi,0,13.325681635781583,2.72909955472303
18,6,mae,200,tanh,bi,1,13.334378278749321,2.746903533083207
18,6,mae,200,tanh,bi,2,13.353412977036427,2.726363773239229
18,6,mae,200,tanh,bi,3,13.160851019085309,2.705464216846371
18,6,mae,200,tanh,bi,4,13.333621209228614,2.736701792363163
18,6,mae,200,tanh,bi,5,13.163457751908695,2.6784923126612106
18,6,mae,200,tanh,bi,6,13.261512628844002,2.7087017716931077
18,6,mae,200,tanh,bi,7,13.280356538230908,2.7373880184677084
18,6,mae,200,tanh,bi,8,13.25236753635467,2.707092744273914
18,6,mae,200,tanh,bi,9,13.193823701672816,2.7112419914033765
18,6,mae,200,tanh,bi,,13.195372512482567,2.7095943326708283
18,6,mae,250,tanh,bi,0,13.38026919628089,2.712893498673963
18,6,mae,250,tanh,bi,1,13.221866807861742,2.723544641670779
18,6,mae,250,tanh,bi,2,13.324332694592293,2.760728145793884
18,6,mae,250,tanh,bi,3,13.239169366262331,2.728727332393379
18,6,mae,250,tanh,bi,4,13.260073910938804,2.7247859126833402
18,6,mae,250,tanh,bi,5,13.192573539099104,2.6922895528128943
18,6,mae,250,tanh,bi,6,13.34625939786181,2.757519007109784
18,6,mae,250,tanh,bi,7,13.409755994172311,2.795560258752707
18,6,mae,250,tanh,bi,8,13.33321539363764,2.707632034188909
18,6,mae,250,tanh,bi,9,13.126973877527695,2.6717185375620938
18,6,mae,250,tanh,bi,,13.17631020227598,2.7110320489323
18,12,mae,200,leaky,bi,0,13.327658017037137,2.73728362587347
18,12,mae,200,leaky,bi,1,13.04256225249496,2.6462788427516433
18,12,mae,200,leaky,bi,2,12.998445592275983,2.648393772071453
18,12,mae,200,leaky,bi,3,13.112055237678456,2.683686778084
18,12,mae,200,leaky,bi,4,13.009272495190558,2.6426555274700045
18,12,mae,200,leaky,bi,5,13.218346257292078,2.7182305275535117
18,12,mae,200,leaky,bi,6,13.327484830174551,2.7647647410824194
18,12,mae,200,leaky,bi,7,13.210174087003486,2.6884454159470375
18,12,mae,200,leaky,bi,8,13.178006854030924,2.6949493997001617
18,12,mae,200,leaky,bi,9,13.237394363335852,2.721128272218488
18,12,mae,200,leaky,bi,,13.104167637578515,2.6831711990045175
18,8,mae,200,leaky,bi,0,13.136751347720548,2.7088030480679617
18,8,mae,200,leaky,bi,1,13.11508451268172,2.674552337883004
18,8,mae,200,leaky,bi,2,13.286948800241822,2.7007075532033613
18,8,mae,200,leaky,bi,3,13.242900212241311,2.724526925942826
18,8,mae,200,leaky,bi,4,13.161972082291033,2.66273704834941
18,8,mae,200,leaky,bi,5,13.047012099459332,2.65717013989041
18,8,mae,200,leaky,bi,6,13.321495908649748,2.764427499897351
18,8,mae,200,leaky,bi,7,13.09065834425292,2.6766280691885447
18,8,mae,200,leaky,bi,8,13.1595718583454,2.7018727135292626
18,8,mae,200,leaky,bi,9,13.186944082042352,2.70681096711386
18,8,mae,200,leaky,bi,,13.097374111872906,2.687022132646817
18,12,mae,100,leaky,uni,0,13.198958178054253,2.6956656214438453
18,12,mae,100,leaky,uni,1,13.148341742051379,2.667226657814415
18,12,mae,100,leaky,uni,2,13.265832367332731,2.73756357550749
18,12,mae,100,leaky,uni,3,13.197158034858973,2.726139792951562
18,12,mae,100,leaky,uni,4,13.125348891563252,2.686727250472353
18,12,mae,100,leaky,uni,5,13.238334432318736,2.683893431780572
18,12,mae,100,leaky,uni,6,13.126212091092164,2.6534586814165073
18,12,mae,100,leaky,uni,7,13.281929413722137,2.7222418604827103
18,12,mae,100,leaky,uni,8,13.052071719613625,2.668661178510356
18,12,mae,100,leaky,uni,9,13.056747420921235,2.654263426687399
18,12,mae,100,leaky,uni,,13.096593661850106,2.678535664429676
18,12,mse,100,leaky,uni,0,17.62249418094443,3.4773342131433824
18,12,mse,100,leaky,uni,1,29.001078551658086,9.013127977802899
18,12,mse,100,leaky,uni,2,26.667336508855595,6.270760186850398
18,12,mse,100,leaky,uni,3,20.839870564507564,4.229897455585311
18,12,mse,100,leaky,uni,4,18.242908307422194,4.150953618404039
18,12,mse,100,leaky,uni,5,20.621619763040982,4.172796541436171
18,12,mse,100,leaky,uni,6,22.767333378750255,4.880805474438389
18,12,mse,100,leaky,uni,7,78.35332888738041,13.558659365434414
18,12,mse,100,leaky,uni,8,82.17161073269779,35.95537692018167
18,12,mse,100,leaky,uni,9,40.194404538291366,8.104145139079968
18,12,mse,100,leaky,uni,,19.39649771359346,3.904677224991456
18,12,mae,200,tanh,bi,0,13.113071782179789,2.6844467125193416
18,12,mae,200,tanh,bi,1,13.516832876607502,2.7579013570891577
18,12,mae,200,tanh,bi,2,13.19679423263589,2.6941645643592143
18,12,mae,200,tanh,bi,3,13.103164925734795,2.686092183390622
18,12,mae,200,tanh,bi,4,13.109109752194804,2.6738191009122967
18,12,mae,200,tanh,bi,5,13.224253411129386,2.726978361191753
18,12,mae,200,tanh,bi,6,13.077005972620345,2.66535423890537
18,12,mae,200,tanh,bi,7,13.083725498038511,2.6809019193245893
18,12,mae,200,tanh,bi,8,13.22057801457916,2.723523296872572
18,12,mae,200,tanh,bi,9,12.99945907774171,2.6416891845021944
18,12,mae,200,tanh,bi,,13.08468086768389,2.6813976225306537
18,8,mae,200,relu,bi,0,13.170418160279292,2.714001794532257
18,8,mae,200,relu,bi,1,13.47269595430725,2.766584341415325
18,8,mae,200,relu,bi,2,13.330352144399201,2.7220527769920007
18,8,mae,200,relu,bi,3,13.258450286006871,2.7377187218668837
18,8,mae,200,relu,bi,4,13.253476822340401,2.716560000807813
18,8,mae,200,relu,bi,5,13.136104411422588,2.676840764299625
18,8,mae,200,relu,bi,6,13.183303907354459,2.703311274403577
18,8,mae,200,relu,bi,7,13.151611923913322,2.697981419103119
18,8,mae,200,relu,bi,8,13.201407108670153,2.6981326412320974
18,8,mae,200,relu,bi,9,13.163929561327208,2.7062826595364227
18,8,mae,200,relu,bi,,13.16373943286893,2.70451191214613
18,12,mae,50,relu,bi,0,13.14869360332231,2.679710175581154
18,12,mae,50,relu,bi,1,13.24309585180583,2.7200074282736035
18,12,mae,50,relu,bi,2,13.28459520215307,2.6950587015041774
18,12,mae,50,relu,bi,3,13.277350510723798,2.7383097219139065
18,12,mae,50,relu,bi,4,13.150754582182438,2.700979675470125
18,12,mae,50,relu,bi,5,13.163022470182025,2.667216465320744
18,12,mae,50,relu,bi,6,13.242825634299889,2.704702155403707
18,12,mae,50,relu,bi,7,13.35854073291352,2.7606492450520217
18,12,mae,50,relu,bi,8,13.178339531895805,2.683687161132462
18,12,mae,50,relu,bi,9,13.136696381118448,2.6883399257091423
18,12,mae,50,relu,bi,,13.15153166836699,2.6922585265978523
18,8,mae,25,tanh,bi,0,13.13662590698255,2.6968009750797317
18,8,mae,25,tanh,bi,1,13.230553682023068,2.704535393608191
18,8,mae,25,tanh,bi,2,13.354624591472401,2.6708696665152547
18,8,mae,25,tanh,bi,3,13.071751666600138,2.6750592974491263
18,8,mae,25,tanh,bi,4,13.263194876788821,2.7334221291296488
18,8,mae,25,tanh,bi,5,13.115558576325451,2.667586921688318
18,8,mae,25,tanh,bi,6,13.181616054671002,2.6941722174319946
18,8,mae,25,tanh,bi,7,13.25354222297258,2.716083282470991
18,8,mae,25,tanh,bi,8,13.155975175006859,2.6938266093705017
18,8,mae,25,tanh,bi,9,13.190857260680064,2.7213153844287423
18,8,mae,25,tanh,bi,,13.117143335080346,2.687500243906209
18,6,mae,100,relu,bi,0,13.340905292588111,2.758147610238572
18,6,mae,100,relu,bi,1,13.086915942467888,2.671340163132884
18,6,mae,100,relu,bi,2,13.29147671819331,2.709538186000865
18,6,mae,100,relu,bi,3,13.248893480418447,2.7018224175044603
18,6,mae,100,relu,bi,4,13.19380969936141,2.696516887909772
18,6,mae,100,relu,bi,5,13.17436202237852,2.6979541847425077
18,6,mae,100,relu,bi,6,13.142101948445694,2.6749355087794355
18,6,mae,100,relu,bi,7,13.120977778739311,2.6673335323936236
18,6,mae,100,relu,bi,8,13.348901287138629,2.7632432631522685
18,6,mae,100,relu,bi,9,13.247624141696203,2.7072639563615697
18,6,mae,100,relu,bi,,13.137316005022194,2.688969125842444
18,6,mae,50,relu,bi,0,13.258052183813374,2.717430478616815
18,6,mae,50,relu,bi,1,13.431483309906822,2.7714272092591736
18,6,mae,50,relu,bi,2,13.209941673088622,2.6850033632494124
18,6,mae,50,relu,bi,3,13.231737786833715,2.7150599708322516
18,6,mae,50,relu,bi,4,13.385986297506282,2.7607788719282222
18,6,mae,50,relu,bi,5,13.183286609547855,2.6943811587878876
18,6,mae,50,relu,bi,6,13.385270688575229,2.781195029153715
18,6,mae,50,relu,bi,7,13.194093829761442,2.6833894322838954
18,6,mae,50,relu,bi,8,13.387855545931801,2.775129721318093
18,6,mae,50,relu,bi,9,13.219161186336597,2.699640738748095
18,6,mae,50,relu,bi,,13.201153167192391,2.7111829020623426
18,12,mse,100,relu,bi,0,15.617013509227577,3.0854977125852803
18,12,mse,100,relu,bi,1,14.805958994802786,2.993761904372731
18,12,mse,100,relu,bi,2,20.661138988502778,4.268963946031529
18,12,mse,100,relu,bi,3,34.084071379163625,8.104508874171687
18,12,mse,100,relu,bi,4,100.69642789877388,41.401263979339674
18,12,mse,100,relu,bi,5,27.39722231859491,7.419283133273365
18,12,mse,100,relu,bi,6,24.435765383692498,5.067564617200841
18,12,mse,100,relu,bi,7,16.470162518078908,3.282394166968227
18,12,mse,100,relu,bi,8,17.455085149199515,3.6047612660141466
18,12,mse,100,relu,bi,9,20.424902429768824,4.643743606120537
18,12,mse,100,relu,bi,,16.032069113939716,3.1922552120884586
18,12,mse,25,relu,uni,0,19.346943275237916,4.910508037244391
18,12,mse,25,relu,uni,1,25.237155837172036,5.171026520002985
18,12,mse,25,relu,uni,2,22.853314828055634,4.678584672930613
18,12,mse,25,relu,uni,3,16.252524375628802,3.2277992885909335
18,12,mse,25,relu,uni,4,18.606995616593274,3.71640962006403
18,12,mse,25,relu,uni,5,26.997006613843407,5.706391718072363
18,12,mse,25,relu,uni,6,176.9539080555946,3254.771832135545
18,12,mse,25,relu,uni,7,37.781233075336445,7.840755275295632
18,12,mse,25,relu,uni,8,14.283571181773532,2.845093439481071
18,12,mse,25,relu,uni,9,50.76166247081898,20.334487085887734
18,12,mse,25,relu,uni,,17.598934956200086,3.4628989188878405
18,12,mae,100,relu,uni,0,13.422037083436436,2.768859714082351
18,12,mae,100,relu,uni,1,13.14722163340876,2.679026363561188
18,12,mae,100,relu,uni,2,13.264779180301687,2.7135646235245403
18,12,mae,100,relu,uni,3,13.087093412874408,2.6647936232621334
18,12,mae,100,relu,uni,4,13.161463248789902,2.671504339284953
18,12,mae,100,relu,uni,5,13.107482210281775,2.6629454026846657
18,12,mae,100,relu,uni,6,13.36665737551277,2.7464493138758135
18,12,mae,100,relu,uni,7,13.193186485083162,2.684061939026007
18,12,mae,100,relu,uni,8,13.139818959489293,2.681464877115844
18,12,mae,100,relu,uni,9,13.116825268698948,2.6701136865803887
18,12,mae,100,relu,uni,,13.108873192405262,2.6765831173154395
18,12,mae,100,tanh,uni,0,13.119175765338257,2.6623159764347335
18,12,mae,100,tanh,uni,1,13.177077275403633,2.689474179689527
18,12,mae,100,tanh,uni,2,13.239748502413994,2.7151839811636944
18,12,mae,100,tanh,uni,3,13.241795934248904,2.68994315537899
18,12,mae,100,tanh,uni,4,13.040093572503855,2.653912511077033
18,12,mae,100,tanh,uni,5,13.481667569876109,2.7909715882534987
18,12,mae,100,tanh,uni,6,13.193342564201423,2.6825284571422476
18,12,mae,100,tanh,uni,7,13.24430143576051,2.71304168924255
18,12,mae,100,tanh,uni,8,13.507003307829715,2.8173089054180522
18,12,mae,100,tanh,uni,9,13.204135815089801,2.7108603457967035
18,12,mae,100,tanh,uni,,13.143840387042523,2.689105482642304
18,8,mae,25,relu,bi,0,13.284952192248557,2.6804351247513587
18,8,mae,25,relu,bi,1,13.23430202241812,2.7175676079966493
18,8,mae,25,relu,bi,2,13.13436349245855,2.6776845976639483
18,8,mae,25,relu,bi,3,13.281825419354877,2.7292059799287425
18,8,mae,25,relu,bi,4,13.195369669263815,2.6904901560330448
18,8,mae,25,relu,bi,5,13.280006796201347,2.73983355089493
18,8,mae,25,relu,bi,6,13.172018413682448,2.7044433122583933
18,8,mae,25,relu,bi,7,13.412262057564748,2.740493772627577
18,8,mae,25,relu,bi,8,13.08685818780573,2.663291413524395
18,8,mae,25,relu,bi,9,13.145356948079217,2.680239663493033
18,8,mae,25,relu,bi,,13.129740164609444,2.688545640899617
18,12,mse,250,relu,bi,0,28.546209493198575,6.021616338133649
18,12,mse,250,relu,bi,1,15.729362315435296,3.1899998403970264
18,12,mse,250,relu,bi,2,77.84358521755507,12.803529285403897
18,12,mse,250,relu,bi,3,49.99341009182831,8.548997111497016
18,12,mse,250,relu,bi,4,70.77758290967466,12.383408624348279
18,12,mse,250,relu,bi,5,19.72193664831937,3.981256531166352
18,12,mse,250,relu,bi,6,60.092361109060946,10.734902172897884
18,12,mse,250,relu,bi,7,55.34379168236189,9.50907758997943
18,12,mse,250,relu,bi,8,51.09468308528306,16.320807361513467
18,12,mse,250,relu,bi,9,79.02817576188538,15.297715724689395
18,12,mse,250,relu,bi,,31.195125088592828,6.273166446928509
18,6,mae,25,relu,bi,0,13.348315361745865,2.744300817866591
18,6,mae,25,relu,bi,1,13.272027478153575,2.699688652686786
18,6,mae,25,relu,bi,2,13.216187909796021,2.721011209352957
18,6,mae,25,relu,bi,3,13.223749417958468,2.6970662475222333
18,6,mae,25,relu,bi,4,13.158571032666433,2.66211830564601
18,6,mae,25,relu,bi,5,13.480940882349262,2.733856516176588
18,6,mae,25,relu,bi,6,13.295644750031798,2.7231945250225995
18,6,mae,25,relu,bi,7,13.204634602168422,2.694047611546067
18,6,mae,25,relu,bi,8,13.152827871613022,2.686960607731382
18,6,mae,25,relu,bi,9,13.2417872063247,2.729763337441781
18,6,mae,25,relu,bi,,13.164259850492043,2.6975066516515778
18,12,mae,25,tanh,bi,0,13.093204937184126,2.6731093092020135
18,12,mae,25,tanh,bi,1,13.201107597975929,2.7016593034011303
18,12,mae,25,tanh,bi,2,13.40455989776813,2.7919257264895276
18,12,mae,25,tanh,bi,3,13.207336557908391,2.6709250232897315
18,12,mae,25,tanh,bi,4,13.096150734736923,2.6511644094473645
18,12,mae,25,tanh,bi,5,13.101261561768043,2.6654405230006732
18,12,mae,25,tanh,bi,6,13.268519619741676,2.7468454152392248
18,12,mae,25,tanh,bi,7,13.303418558308238,2.749305368701648
18,12,mae,25,tanh,bi,8,13.169208310789443,2.6859956869386066
18,12,mae,25,tanh,bi,9,13.22022512851715,2.7136468622367445
18,12,mae,25,tanh,bi,,13.109227194910272,2.684827085869986
18,6,mae,50,leaky,bi,0,13.196702945236547,2.6983760169920044
18,6,mae,50,leaky,bi,1,13.426728340379633,2.7456637215735022
18,6,mae,50,leaky,bi,2,13.245465377070719,2.7294694215572477
18,6,mae,50,leaky,bi,3,13.110168248655713,2.686218623396395
18,6,mae,50,leaky,bi,4,13.470327579809123,2.7779214059949884
18,6,mae,50,leaky,bi,5,13.201886070485534,2.700516381050069
18,6,mae,50,leaky,bi,6,13.377970042266735,2.7731532775296555
18,6,mae,50,leaky,bi,7,13.230949755244236,2.6954908786911855
18,6,mae,50,leaky,bi,8,13.239551790280222,2.678352279788635
18,6,mae,50,leaky,bi,9,13.253321774782481,2.7270884255519583
18,6,mae,50,leaky,bi,,13.167253985542409,2.7014014239930773
18,6,mae,100,leaky,bi,0,13.393093933459934,2.7564396444997032
18,6,mae,100,leaky,bi,1,13.198215051204732,2.7128914110586613
18,6,mae,100,leaky,bi,2,13.428687240986285,2.7711686659624126
18,6,mae,100,leaky,bi,3,13.406673866752364,2.7702702242957367
18,6,mae,100,leaky,bi,4,13.204280536698866,2.687980066707669
18,6,mae,100,leaky,bi,5,13.15741959304688,2.6998136173149176
18,6,mae,100,leaky,bi,6,13.248878938388616,2.726111818810481
18,6,mae,100,leaky,bi,7,13.228994914065748,2.708011589366888
18,6,mae,100,leaky,bi,8,13.305428277126934,2.68097459716825
18,6,mae,100,leaky,bi,9,13.269643228649997,2.728745845892997
18,6,mae,100,leaky,bi,,13.186786615773034,2.7093336685827785
18,12,mae,250,leaky,uni,0,13.236637225360706,2.7113010432673237
18,12,mae,250,leaky,uni,1,13.247653661372452,2.714345545233089
18,12,mae,250,leaky,uni,2,13.224292973903097,2.6745748784773586
18,12,mae,250,leaky,uni,3,13.168124509780709,2.6843285921463345
18,12,mae,250,leaky,uni,4,13.14278284899809,2.682135345243118
18,12,mae,250,leaky,uni,5,13.188150713650806,2.6931018156320268
18,12,mae,250,leaky,uni,6,13.12107724203266,2.6887374636364507
18,12,mae,250,leaky,uni,7,13.225135096895748,2.7001595991103824
18,12,mae,250,leaky,uni,8,13.317868506848123,2.6865324915101736
18,12,mae,250,leaky,uni,9,13.305780287506149,2.672713344571529
18,12,mae,250,leaky,uni,,13.134280674105659,2.681569180595792
18,12,mse,100,leaky,bi,0,17.86904564144614,3.7329269210359257
18,12,mse,100,leaky,bi,1,40.12668792223073,7.897003634542517
18,12,mse,100,leaky,bi,2,32.427972405493314,7.47349801515902
18,12,mse,100,leaky,bi,3,48.403607364720465,9.163482005671723
18,12,mse,100,leaky,bi,4,83.4959771218731,34.47038549888767
18,12,mse,100,leaky,bi,5,37.10548602160334,9.531221403139511
18,12,mse,100,leaky,bi,6,25.80451931045972,5.2867887942620015
18,12,mse,100,leaky,bi,7,34.98794147749658,7.089764424219561
18,12,mse,100,leaky,bi,8,37.52684943508797,7.566435815961212
18,12,mse,100,leaky,bi,9,15.018402537203437,2.9709436923109043
18,12,mse,100,leaky,bi,,20.187551912144425,4.172449840687839
18,12,mse,200,relu,bi,0,20.355853265418315,3.9133742029249508
18,12,mse,200,relu,bi,1,31.664214027281538,6.898360029488828
18,12,mse,200,relu,bi,2,16.310242450869758,3.2381142970581633
18,12,mse,200,relu,bi,3,104.95451382093111,17.578123042631788
18,12,mse,200,relu,bi,4,48.075207778355825,14.824091046479792
18,12,mse,200,relu,bi,5,19.918139378346012,4.456353266011144
18,12,mse,200,relu,bi,6,27.217936227711085,6.298051639831709
18,12,mse,200,relu,bi,7,82.49914702258218,15.224294739193718
18,12,mse,200,relu,bi,8,25.22233456649093,6.075068244600309
18,12,mse,200,relu,bi,9,65.40278805733116,11.855181182623461
18,12,mse,200,relu,bi,,17.470006475472363,3.477497678447403
18,12,mae,250,tanh,bi,0,13.104315706595763,2.6635074371502423
18,12,mae,250,tanh,bi,1,13.042718830748633,2.650261757155101
18,12,mae,250,tanh,bi,2,13.315433795424328,2.7398033307628147
18,12,mae,250,tanh,bi,3,13.2746920753368,2.7337227944150806
18,12,mae,250,tanh,bi,4,13.192167864946091,2.693622832485477
18,12,mae,250,tanh,bi,5,13.173919438922189,2.7045932480790693
18,12,mae,250,tanh,bi,6,13.031539235084495,2.6517286268508564
18,12,mae,250,tanh,bi,7,13.15619329991598,2.687135527398932
18,12,mae,250,tanh,bi,8,13.220219731794028,2.689821199611262
18,12,mae,250,tanh,bi,9,13.101758243124694,2.6534299824075243
18,12,mae,250,tanh,bi,,13.093482503093298,2.673488065792399
18,12,mse,250,tanh,uni,0,24.213324082497536,6.116277569276786
18,12,mse,250,tanh,uni,1,18.969385703796725,3.8172228858513364
18,12,mse,250,tanh,uni,2,31.15381953163506,6.610622954925485
18,12,mse,250,tanh,uni,3,30.18729186519051,6.24715074755282
18,12,mse,250,tanh,uni,4,29.886471311473223,7.391318887149093
18,12,mse,250,tanh,uni,5,32.19239231793951,6.710072308970974
18,12,mse,250,tanh,uni,6,32.47580645656978,6.6419214180767225
18,12,mse,250,tanh,uni,7,84.32923043005687,18.41254017668563
18,12,mse,250,tanh,uni,8,42.82865890923196,8.820145416066765
18,12,mse,250,tanh,uni,9,36.60995962669597,7.461280848285305
18,12,mse,250,tanh,uni,,25.699251097937555,5.127895982261815
18,12,mse,100,relu,uni,0,22.559915194590292,5.050390212172224
18,12,mse,100,relu,uni,1,67.11633198200349,20.085520165871966
18,12,mse,100,relu,uni,2,22.51431460195962,5.932008240327274
18,12,mse,100,relu,uni,3,80.07433565384005,40.16512039819434
18,12,mse,100,relu,uni,4,18.320948137031465,3.712414623603608
18,12,mse,100,relu,uni,5,18.002222123852874,3.8499305389381258
18,12,mse,100,relu,uni,6,40.57552758778609,11.66457240965225
18,12,mse,100,relu,uni,7,27.401001254382958,5.761255631731994
18,12,mse,100,relu,uni,8,30.073988981501113,6.280576241417737
18,12,mse,100,relu,uni,9,14.842268092915846,2.9512691554071186
18,12,mse,100,relu,uni,,18.572134365477904,3.6659869767252022
18,8,mae,50,leaky,bi,0,13.270515359816013,2.668267251125955
18,8,mae,50,leaky,bi,1,13.166621124580367,2.683086781275908
18,8,mae,50,leaky,bi,2,13.104884885800647,2.6708225436344373
18,8,mae,50,leaky,bi,3,13.269881053833979,2.713369112040182
18,8,mae,50,leaky,bi,4,13.078458673616016,2.677760047202394
18,8,mae,50,leaky,bi,5,13.339086787722296,2.7496888073581696
18,8,mae,50,leaky,bi,6,13.152282224522423,2.688144806809457
18,8,mae,50,leaky,bi,7,13.212780722575799,2.711221622237365
18,8,mae,50,leaky,bi,8,13.147921642044185,2.707135618000374
18,8,mae,50,leaky,bi,9,13.271639468940112,2.7320954947698577
18,8,mae,50,leaky,bi,,13.115487099671226,2.685842388276724
18,12,mae,250,leaky,bi,0,13.222878036724676,2.686169121773643
18,12,mae,250,leaky,bi,1,13.24683146425546,2.7396385245796364
18,12,mae,250,leaky,bi,2,13.091585649168954,2.6618917142525538
18,12,mae,250,leaky,bi,3,13.101518820264742,2.669437893316818
18,12,mae,250,leaky,bi,4,13.083166584005172,2.6530690688564027
18,12,mae,250,leaky,bi,5,13.318853752216596,2.7604592873562575
18,12,mae,250,leaky,bi,6,13.116125982021643,2.6968360285425144
18,12,mae,250,leaky,bi,7,13.48468704368209,2.8252605967125235
18,12,mae,250,leaky,bi,8,13.203725657109315,2.6544962052232517
18,12,mae,250,leaky,bi,9,13.238694069161141,2.728249782999363
18,12,mae,250,leaky,bi,,13.095957000385805,2.6882335442818976
18,12,mse,200,tanh,uni,0,20.142889926898658,4.148326112494702
18,12,mse,200,tanh,uni,1,21.710897796877838,4.468013764857615
18,12,mse,200,tanh,uni,2,21.73625827500221,4.94293567610059
18,12,mse,200,tanh,uni,3,32.12889715597803,6.9153560312128874
18,12,mse,200,tanh,uni,4,37.13668734655395,8.01949359528927
18,12,mse,200,tanh,uni,5,42.24035102817757,8.410322270581583
18,12,mse,200,tanh,uni,6,43.160596946987255,11.111470218968652
18,12,mse,200,tanh,uni,7,21.30434255205478,4.306980622780152
18,12,mse,200,tanh,uni,8,127.80647282974951,30.515903590267143
18,12,mse,200,tanh,uni,9,38.719906739472265,7.985901756679535
18,12,mse,200,tanh,uni,,23.438678015157134,4.70510196180395
18,12,mae,50,leaky,bi,0,13.21139374845725,2.7058664013719915
18,12,mae,50,leaky,bi,1,13.089101737649766,2.6724034966773447
18,12,mae,50,leaky,bi,2,13.587337649741656,2.6816662385217476
18,12,mae,50,leaky,bi,3,13.327366737410674,2.747447682364092
18,12,mae,50,leaky,bi,4,13.195083911433871,2.7102459297916246
18,12,mae,50,leaky,bi,5,13.484588552150147,2.8050768742187304
18,12,mae,50,leaky,bi,6,13.37958216959668,2.7370330242683645
18,12,mae,50,leaky,bi,7,13.084296584973137,2.666052917898504
18,12,mae,50,leaky,bi,8,13.185980977271692,2.688366922038684
18,12,mae,50,leaky,bi,9,13.177407638911125,2.7144086498226976
18,12,mae,50,leaky,bi,,13.138226974298272,2.6941982077254467
18,8,mae,250,relu,bi,0,13.239874669927756,2.668552144612926
18,8,mae,250,relu,bi,1,13.03442969358113,2.6377406821535185
18,8,mae,250,relu,bi,2,13.0375102679895,2.6418388758877156
18,8,mae,250,relu,bi,3,13.218861959705393,2.714003016396653
18,8,mae,250,relu,bi,4,13.263450439574983,2.7432850676409117
18,8,mae,250,relu,bi,5,13.016795837182817,2.6457385468688064
18,8,mae,250,relu,bi,6,13.076946452332724,2.657390638970124
18,8,mae,250,relu,bi,7,13.176313151331907,2.675625966217652
18,8,mae,250,relu,bi,8,13.181966407764763,2.6890344403733177
18,8,mae,250,relu,bi,9,13.430929731433038,2.796596999656078
18,8,mae,250,relu,bi,,13.054597390395948,2.6632580315696694
18,12,mse,50,tanh,bi,0,22.698495975580062,3.966764057090265
18,12,mse,50,tanh,bi,1,18.900196567156186,4.005076217087682
18,12,mse,50,tanh,bi,2,26.200168045125952,6.855780904050388
18,12,mse,50,tanh,bi,3,52.10800838963689,9.926600308482755
18,12,mse,50,tanh,bi,4,44.309277509563,11.460705626233663
18,12,mse,50,tanh,bi,5,17.72442681317372,3.624924330278425
18,12,mse,50,tanh,bi,6,16.303710363886406,3.260966588660165
18,12,mse,50,tanh,bi,7,17.083959073006266,3.4964346983006904
18,12,mse,50,tanh,bi,8,67.24937148576235,14.679217410934566
18,12,mse,50,tanh,bi,9,28.87205561227157,6.528547032150867
18,12,mse,50,tanh,bi,,16.6061920410229,3.2974605281308103
18,12,mae,200,leaky,uni,0,13.16540747673435,2.6556372048320447
18,12,mae,200,leaky,uni,1,13.142600157203844,2.6737314163059756
18,12,mae,200,leaky,uni,2,13.25209667671691,2.736524826373931
18,12,mae,200,leaky,uni,3,13.31329800683424,2.7294089953790084
18,12,mae,200,leaky,uni,4,13.205488054269813,2.697016258268746
18,12,mae,200,leaky,uni,5,13.231571681958089,2.6958060920093714
18,12,mae,200,leaky,uni,6,13.339330904853266,2.752884019737708
18,12,mae,200,leaky,uni,7,13.287055092249162,2.6857572329544603
18,12,mae,200,leaky,uni,8,13.202411789702175,2.708550873373498
18,12,mae,200,leaky,uni,9,13.357995071873903,2.7494264946903395
18,12,mae,200,leaky,uni,,13.14644244897273,2.6928455337043586
18,12,mae,50,leaky,uni,0,13.190093743115348,2.683462371698084
18,12,mae,50,leaky,uni,1,13.20783423961706,2.708985121693498
18,12,mae,50,leaky,uni,2,13.304053198659261,2.7362341971936686
18,12,mae,50,leaky,uni,3,13.194765810384881,2.719266838780397
18,12,mae,50,leaky,uni,4,13.145185070357627,2.680574972649277
18,12,mae,50,leaky,uni,5,13.256939842547782,2.6940758384184624
18,12,mae,50,leaky,uni,6,13.306108730403018,2.7003370534145903
18,12,mae,50,leaky,uni,7,13.18227135826473,2.6940683099245653
18,12,mae,50,leaky,uni,8,13.433756580048483,2.7617861168803457
18,12,mae,50,leaky,uni,9,13.075777057132697,2.6623219098742665
18,12,mae,50,leaky,uni,,13.147033041421482,2.690493376822141
18,8,mae,200,tanh,bi,0,13.311674550488545,2.761682376070305
18,8,mae,200,tanh,bi,1,13.289559070154134,2.7358212479165704
18,8,mae,200,tanh,bi,2,13.076020480472184,2.6700500216734984
18,8,mae,200,tanh,bi,3,13.118581036038838,2.6827244058919986
18,8,mae,200,tanh,bi,4,13.479621084175966,2.782524190850793
18,8,mae,200,tanh,bi,5,13.249161623748009,2.728063721513664
18,8,mae,200,tanh,bi,6,13.436732606000234,2.786035518254471
18,8,mae,200,tanh,bi,7,13.309762407879704,2.7469522869863376
18,8,mae,200,tanh,bi,8,13.161641262553802,2.6950102020120053
18,8,mae,200,tanh,bi,9,13.07191842730596,2.674404446817387
18,8,mae,200,tanh,bi,,13.187486924064713,2.7138261687757654
18,12,mae,100,leaky,bi,0,13.17852091906409,2.6998995446772955
18,12,mae,100,leaky,bi,1,13.368781969334606,2.732745153748503
18,12,mae,100,leaky,bi,2,13.15934850705762,2.694771666763042
18,12,mae,100,leaky,bi,3,13.280152110483176,2.658050093867754
18,12,mae,100,leaky,bi,4,13.42752322715909,2.7559728946397675
18,12,mae,100,leaky,bi,5,13.394277206036652,2.7523661398083594
18,12,mae,100,leaky,bi,6,13.261527994165256,2.7072425781499847
18,12,mae,100,leaky,bi,7,13.486788384858212,2.8133462559496207
18,12,mae,100,leaky,bi,8,13.354726278985856,2.768825931508467
18,12,mae,100,leaky,bi,9,13.319167116016942,2.7494166443039756
18,12,mae,100,leaky,bi,,13.243656173096213,2.7199821683465415
18,12,mae,250,relu,bi,0,13.386757060068051,2.777561846468339
18,12,mae,250,relu,bi,1,13.091357061645565,2.675572972227152
18,12,mae,250,relu,bi,2,13.139535496434322,2.7013352889187665
18,12,mae,250,relu,bi,3,13.020892623892381,2.6420551602522777
18,12,mae,250,relu,bi,4,13.270408494584073,2.7243781110636385
18,12,mae,250,relu,bi,5,13.275045400451992,2.694883028943705
18,12,mae,250,relu,bi,6,13.16846852683233,2.7021904137034505
18,12,mae,250,relu,bi,7,13.068602148649934,2.6628298073454544
18,12,mae,250,relu,bi,8,13.152640256475653,2.6639657705335886
18,12,mae,250,relu,bi,9,13.363858139794457,2.7688032994007736
18,12,mae,250,relu,bi,,13.079339386879514,2.678644130499311
18,8,mae,50,tanh,bi,0,13.146888540111958,2.689107433355864
18,8,mae,50,tanh,bi,1,13.137540823318929,2.6943836780072554
18,8,mae,50,tanh,bi,2,13.134778854787376,2.6917707137430473
18,8,mae,50,tanh,bi,3,13.180522816120758,2.7075184470230775
18,8,mae,50,tanh,bi,4,13.325935882305979,2.7602963525716318
18,8,mae,50,tanh,bi,5,13.217058165738129,2.7270542715457275
18,8,mae,50,tanh,bi,6,13.220386688944114,2.700049553352292
18,8,mae,50,tanh,bi,7,13.164020159631557,2.691095502655347
18,8,mae,50,tanh,bi,8,13.171732706945313,2.6696237336506607
18,8,mae,50,tanh,bi,9,13.304625085309972,2.6898429117305396
18,8,mae,50,tanh,bi,,13.119384748391248,2.692144504527295
18,8,mae,50,relu,bi,0,13.332161919005726,2.7124388062693736
18,8,mae,50,relu,bi,1,13.097091454255354,2.6704809254324453
18,8,mae,50,relu,bi,2,13.344294919962582,2.6982184472522146
18,8,mae,50,relu,bi,3,13.121584756528257,2.660741614143286
18,8,mae,50,relu,bi,4,13.19051357529919,2.711423283805722
18,8,mae,50,relu,bi,5,13.07336929323157,2.6911263408751855
18,8,mae,50,relu,bi,6,13.250504451619925,2.723308767911854
18,8,mae,50,relu,bi,7,13.05042686046269,2.647587485868221
18,8,mae,50,relu,bi,8,13.255396376324727,2.7327996391412936
18,8,mae,50,relu,bi,9,13.500077139488917,2.7862534943770023
18,8,mae,50,relu,bi,,13.149249021916319,2.6933086794973664
18,6,mae,100,tanh,bi,0,13.145737257830557,2.6879943652112774
18,6,mae,100,tanh,bi,1,13.280114894300645,2.7177104486082038
18,6,mae,100,tanh,bi,2,13.298572515933355,2.7164440028349284
18,6,mae,100,tanh,bi,3,13.232115799912295,2.7098577657571137
18,6,mae,100,tanh,bi,4,13.372924773522161,2.7628641647916763
18,6,mae,100,tanh,bi,5,13.328940813907154,2.726151014212608
18,6,mae,100,tanh,bi,6,13.254631202339741,2.714835325050736
18,6,mae,100,tanh,bi,7,13.337019494749518,2.747001442803455
18,6,mae,100,tanh,bi,8,13.214098293246346,2.702345556660168
18,6,mae,100,tanh,bi,9,13.359125069156235,2.7371534564661997
18,6,mae,100,tanh,bi,,13.216239267277855,2.7122951112789453
18,12,mae,50,relu,uni,0,13.113374031155368,2.6745341204565145
18,12,mae,50,relu,uni,1,13.176074114945733,2.6939972108404855
18,12,mae,50,relu,uni,2,13.268223943565008,2.7241858963185095
18,12,mae,50,relu,uni,3,13.214062701941655,2.7157592676620497
18,12,mae,50,relu,uni,4,13.77690062630531,2.7145721774671636
18,12,mae,50,relu,uni,5,13.446695823657498,2.7800796501911322
18,12,mae,50,relu,uni,6,13.296488755344637,2.72404917558631
18,12,mae,50,relu,uni,7,13.387092871832282,2.7621067149448986
18,12,mae,50,relu,uni,8,13.404040535901585,2.751572954955555
18,12,mae,50,relu,uni,9,13.416554596844021,2.7819907130770622
18,12,mae,50,relu,uni,,13.194154814749728,2.7114947169347894
18,12,mae,50,tanh,uni,0,13.129933232987499,2.67193644006888
18,12,mae,50,tanh,uni,1,13.32330105270142,2.7395144965135363
18,12,mae,50,tanh,uni,2,13.233525474761521,2.711840618074344
18,12,mae,50,tanh,uni,3,13.193925829829789,2.691256732995736
18,12,mae,50,tanh,uni,4,13.163879138866017,2.691535107697913
18,12,mae,50,tanh,uni,5,13.06707641909998,2.657998252465066
18,12,mae,50,tanh,uni,6,13.130841756896025,2.675977295226848
18,12,mae,50,tanh,uni,7,13.40648312682349,2.776787435636148
18,12,mae,50,tanh,uni,8,13.249040266675419,2.7274261493371164
18,12,mae,50,tanh,uni,9,13.28646400302034,2.7228374895054754
18,12,mae,50,tanh,uni,,13.135398021289557,2.6908261951849264
18,6,mae,25,leaky,bi,0,13.365161811860752,2.7067097152905957
18,6,mae,25,leaky,bi,1,13.301992486409869,2.734011403555532
18,6,mae,25,leaky,bi,2,13.197446814431633,2.693973501847137
18,6,mae,25,leaky,bi,3,13.271107553105116,2.7403241306158153
18,6,mae,25,leaky,bi,4,13.200928374175977,2.702981920892668
18,6,mae,25,leaky,bi,5,13.44487513628722,2.791541621425761
18,6,mae,25,leaky,bi,6,13.333924166412677,2.731099130390979
18,6,mae,25,leaky,bi,7,13.239762866433356,2.733983817744992
18,6,mae,25,leaky,bi,8,13.224612467442032,2.7075593424535596
18,6,mae,25,leaky,bi,9,13.1811063916369,2.6962142174467383
18,6,mae,25,leaky,bi,,13.210483606640128,2.715386569960992
18,12,mae,50,tanh,bi,0,13.234587467145888,2.7361949826300744
18,12,mae,50,tanh,bi,1,13.256279626364288,2.7298645323264976
18,12,mae,50,tanh,bi,2,13.194197631184583,2.681045096842951
18,12,mae,50,tanh,bi,3,13.09395778678987,2.6775449635827866
18,12,mae,50,tanh,bi,4,13.119220811576911,2.690232270198253
18,12,mae,50,tanh,bi,5,13.251037062268821,2.742084415688464
18,12,mae,50,tanh,bi,6,13.119030895045032,2.669073639095288
18,12,mae,50,tanh,bi,7,13.28573820687964,2.7485755650235837
18,12,mae,50,tanh,bi,8,13.183506571140464,2.695128827768929
18,12,mae,50,tanh,bi,9,13.234759136875443,2.7348105291351765
18,12,mae,50,tanh,bi,,13.146755346225119,2.704717549733608
18,12,mse,250,leaky,bi,0,15.485435433319442,3.0817335291195986
18,12,mse,250,leaky,bi,1,31.008979000546013,9.611821803598176
18,12,mse,250,leaky,bi,2,23.385531456035896,4.791018553731285
18,12,mse,250,leaky,bi,3,15.783314835455716,3.1632451330002427
18,12,mse,250,leaky,bi,4,20.35962607304807,4.7958663966145485
18,12,mse,250,leaky,bi,5,22.012356052362627,4.838010579189548
18,12,mse,250,leaky,bi,6,24.916619041998707,5.788324542060727
18,12,mse,250,leaky,bi,7,44.102949922978915,8.812797080918317
18,12,mse,250,leaky,bi,8,17.589128335810905,3.6811393721731918
18,12,mse,250,leaky,bi,9,16.66431075937173,3.2450309117124365
18,12,mse,250,leaky,bi,,16.82988058899227,3.40526777044553
18,8,mae,100,tanh,bi,0,13.089280138606844,2.6740946395223406
18,8,mae,100,tanh,bi,1,13.050953916858791,2.6642239408051602
18,8,mae,100,tanh,bi,2,13.162834157928273,2.685888703677029
18,8,mae,100,tanh,bi,3,13.306280100435934,2.6922766414060586
18,8,mae,100,tanh,bi,4,13.192447563116039,2.7093857061304227
18,8,mae,100,tanh,bi,5,13.026744906547313,2.6509119645516237
18,8,mae,100,tanh,bi,6,13.266991839924701,2.728899093848567
18,8,mae,100,tanh,bi,7,13.165151516137419,2.6532585298550484
18,8,mae,100,tanh,bi,8,13.457618505383538,2.7251568846604255
18,8,mae,100,tanh,bi,9,13.063677148034023,2.6668683681103857
18,8,mae,100,tanh,bi,,13.075011153980714,2.670147310602627
18,12,mse,50,leaky,uni,0,18.664062595423495,4.05599155999273
18,12,mse,50,leaky,uni,1,57.557345611332074,15.754121652551785
18,12,mse,50,leaky,uni,2,23.9300681141297,5.386046747220544
18,12,mse,50,leaky,uni,3,44.290893704721064,9.269328270073185
18,12,mse,50,leaky,uni,4,20.41951409992199,4.42674117172453
18,12,mse,50,leaky,uni,5,24.358747406260814,5.3403918265392525
18,12,mse,50,leaky,uni,6,20.207390348577682,4.135509801696948
18,12,mse,50,leaky,uni,7,31.429641906315066,7.884018950532698
18,12,mse,50,leaky,uni,8,74.67997856538985,15.845755029396791
18,12,mse,50,leaky,uni,9,22.346136762292584,4.620774042886282
18,12,mse,50,leaky,uni,,19.988322494854447,4.118489267260874
18,12,mse,200,relu,uni,0,26.594737263023827,5.487117992556944
18,12,mse,200,relu,uni,1,75.33011307663847,18.922911654665068
18,12,mse,200,relu,uni,2,23.47955804618778,4.748082209687622
18,12,mse,200,relu,uni,3,38.787415151506735,7.9646103700375095
18,12,mse,200,relu,uni,4,27.654761328000784,6.172798443673769
18,12,mse,200,relu,uni,5,54.42793335952027,11.367892773781255
18,12,mse,200,relu,uni,6,18.48781632642696,3.736576318085203
18,12,mse,200,relu,uni,7,43.369349980399946,8.85524270267184
18,12,mse,200,relu,uni,8,23.93063515786554,5.653671863631806
18,12,mse,200,relu,uni,9,18.21902758685651,3.6574189027947837
18,12,mse,200,relu,uni,,22.28295332472002,4.351274797016751
30,12,mae,50,tanh,bi,0,13.27675889228359,3.7263687483087784
30,12,mae,50,tanh,bi,1,13.680707846578347,3.7625730010497183
30,12,mae,50,tanh,bi,2,13.235939989939071,3.7053180572963407
30,12,mae,50,tanh,bi,3,13.282789138469987,3.717021652227278
30,12,mae,50,tanh,bi,4,13.187644432166241,3.6956031179168614
30,12,mae,50,tanh,bi,5,13.373707778101686,3.7846471358242386
30,12,mae,50,tanh,bi,6,13.375231608864816,3.7313827747844917
30,12,mae,50,tanh,bi,7,13.379929697769091,3.7655391998836274
30,12,mae,50,tanh,bi,8,13.326601411089378,3.7616930704543363
30,12,mae,50,tanh,bi,9,13.36859862754998,3.757642735187271
30,12,mae,50,tanh,bi,,13.190604185448406,3.702352740770918
30,12,mae,200,tanh,bi,0,13.340936482801691,3.7675295848087598
30,12,mae,200,tanh,bi,1,13.633577132614944,3.845300408215897
30,12,mae,200,tanh,bi,2,13.368375559718011,3.749767350150408
30,12,mae,200,tanh,bi,3,13.47891068518881,3.7640302217578365
30,12,mae,200,tanh,bi,4,13.348814509994108,3.724162559419348
30,12,mae,200,tanh,bi,5,13.276503478476751,3.728655337591457
30,12,mae,200,tanh,bi,6,13.436452326191288,3.722746503557992
30,12,mae,200,tanh,bi,7,13.441017652847586,3.7415285831908935
30,12,mae,200,tanh,bi,8,13.34728701959599,3.7479963441485618
30,12,mae,200,tanh,bi,9,13.353308173349557,3.750186771537516
30,12,mae,200,tanh,bi,,13.289029720738696,3.72706585042625
30,12,mae,100,relu,bi,0,13.479918558898808,3.755205779901945
30,12,mae,100,relu,bi,1,13.240055169233774,3.715220005555268
30,12,mae,100,relu,bi,2,13.369067751934555,3.7635114013102853
30,12,mae,100,relu,bi,3,13.221990248257846,3.7243709216165164
30,12,mae,100,relu,bi,4,13.283784076390026,3.723027873706485
30,12,mae,100,relu,bi,5,13.225250663301368,3.6956259327005383
30,12,mae,100,relu,bi,6,13.282275297696922,3.7229074681620835
30,12,mae,100,relu,bi,7,13.253009100226588,3.713116489633451
30,12,mae,100,relu,bi,8,13.316585610564342,3.7416686446622984
30,12,mae,100,relu,bi,9,13.480744736659204,3.8105027143513106
30,12,mae,100,relu,bi,,13.228397191872196,3.7162354042097467
30,12,mae,250,relu,bi,0,13.228493505232425,3.706084712611541
30,12,mae,250,relu,bi,1,13.376122423264482,3.7480242582599637
30,12,mae,250,relu,bi,2,13.289596597377985,3.7069433764607997
30,12,mae,250,relu,bi,3,13.368563741266525,3.7593182582945763
30,12,mae,250,relu,bi,4,13.30013742823101,3.724589299280454
30,12,mae,250,relu,bi,5,13.429209735742553,3.7792961825725455
30,12,mae,250,relu,bi,6,13.619197887045456,3.7515215647458175
30,12,mae,250,relu,bi,7,13.410781865989394,3.7619364676263585
30,12,mae,250,relu,bi,8,13.226592818612296,3.711283470209922
30,12,mae,250,relu,bi,9,13.453320655265985,3.7785477884822916
30,12,mae,250,relu,bi,,13.248938610031564,3.7168581188446286
30,12,mae,50,leaky,bi,0,13.417961333730036,3.7648871523169305
30,12,mae,50,leaky,bi,1,13.245440677697484,3.723560451267908
30,12,mae,50,leaky,bi,2,13.332567829887758,3.725712121722963
30,12,mae,50,leaky,bi,3,13.488820972629732,3.7716052801919147
30,12,mae,50,leaky,bi,4,13.367527835415153,3.7654995436688274
30,12,mae,50,leaky,bi,5,13.260060596421201,3.7234878431069203
30,12,mae,50,leaky,bi,6,13.254818829309428,3.715872391276488
30,12,mae,50,leaky,bi,7,13.268970280803654,3.7383559133027435
30,12,mae,50,leaky,bi,8,13.320483747268865,3.7418080313548545
30,12,mae,50,leaky,bi,9,13.205599023302632,3.70612303242071
30,12,mae,50,leaky,bi,,13.217679036120629,3.7173455789963876
30,12,mae,250,tanh,bi,0,13.241827583861705,3.7306888067269486
30,12,mae,250,tanh,bi,1,13.464780524112664,3.7732910050865405
30,12,mae,250,tanh,bi,2,13.405266377953284,3.7731315436908606
30,12,mae,250,tanh,bi,3,13.224893814543531,3.717940345322912
30,12,mae,250,tanh,bi,4,13.646093397680362,3.8373258050386707
30,12,mae,250,tanh,bi,5,13.30530930550507,3.7235305676895343
30,12,mae,250,tanh,bi,6,13.602730409229412,3.817809010557607
30,12,mae,250,tanh,bi,7,13.403495964297038,3.739265681374804
30,12,mae,250,tanh,bi,8,13.518474314775808,3.817526461184498
30,12,mae,250,tanh,bi,9,13.288190362417453,3.7165623739674616
30,12,mae,250,tanh,bi,,13.298142940301812,3.7367373084872386
30,12,mae,200,leaky,bi,0,13.37659234223943,3.762074685613443
30,12,mae,200,leaky,bi,1,13.221643282934481,3.718164465386424
30,12,mae,200,leaky,bi,2,13.452318429698575,3.8152655192223155
30,12,mae,200,leaky,bi,3,13.526665981849236,3.8269073814260057
30,12,mae,200,leaky,bi,4,13.18752421462299,3.7020549850327256
30,12,mae,200,leaky,bi,5,13.768924828209263,3.827900247080321
30,12,mae,200,leaky,bi,6,13.257497262027357,3.717489463745867
30,12,mae,200,leaky,bi,7,13.3065269049346,3.755798288254218
30,12,mae,200,leaky,bi,8,13.33722879204403,3.740635763670433
30,12,mae,200,leaky,bi,9,13.470471420539052,3.7370126947681888
30,12,mae,200,leaky,bi,,13.208939392294623,3.7112242354919305
30,12,mae,25,leaky,bi,0,13.325183613507821,3.733475617860878
30,12,mae,25,leaky,bi,1,13.363602505679943,3.7279486668176705
30,12,mae,25,leaky,bi,2,13.296949775160485,3.7387123132356788
30,12,mae,25,leaky,bi,3,13.222080231427205,3.6985347700200624
30,12,mae,25,leaky,bi,4,13.269618522200014,3.7170194308274653
30,12,mae,25,leaky,bi,5,13.348215864110493,3.7509511777694216
30,12,mae,25,leaky,bi,6,13.31737889669218,3.72288454062469
30,12,mae,25,leaky,bi,7,13.449029935228037,3.767681053162283
30,12,mae,25,leaky,bi,8,13.3608794111666,3.738465583894576
30,12,mae,25,leaky,bi,9,13.295415147801968,3.722271922383158
30,12,mae,25,leaky,bi,,13.247309442685411,3.715704403528845
30,12,mae,100,tanh,bi,0,13.417853962105251,3.7782687981755227
30,12,mae,100,tanh,bi,1,13.330784190755008,3.773486218049105
30,12,mae,100,tanh,bi,2,13.291363862453094,3.7326676332741986
30,12,mae,100,tanh,bi,3,13.371755143928063,3.715755071000324
30,12,mae,100,tanh,bi,4,13.339173063126823,3.7539238891897884
30,12,mae,100,tanh,bi,5,13.40267762712981,3.7792299043628144
30,12,mae,100,tanh,bi,6,13.48654324349138,3.8040702310789998
30,12,mae,100,tanh,bi,7,13.203578796120272,3.691395623393663
30,12,mae,100,tanh,bi,8,13.437966867216065,3.793652386338183
30,12,mae,100,tanh,bi,9,13.216764628953586,3.7099572601766573
30,12,mae,100,tanh,bi,,13.223627747237018,3.7219121278941216
30,12,mae,25,tanh,bi,0,13.504561169642928,3.7685702793237548
30,12,mae,25,tanh,bi,1,13.271084393699912,3.7282651740757764
30,12,mae,25,tanh,bi,2,13.1870578824895,3.6982592627628526
30,12,mae,25,tanh,bi,3,13.24854790190134,3.7143627287914334
30,12,mae,25,tanh,bi,4,13.253661394635605,3.7210968304161036
30,12,mae,25,tanh,bi,5,13.400463633642321,3.7607422334218596
30,12,mae,25,tanh,bi,6,13.444047757589736,3.7480784429482656
30,12,mae,25,tanh,bi,7,13.222326816618615,3.709618811239539
30,12,mae,25,tanh,bi,8,13.277507652066467,3.736447206115254
30,12,mae,25,tanh,bi,9,13.289111202415535,3.7239766663424696
30,12,mae,25,tanh,bi,,13.214447581890555,3.7103252091262466
30,12,mae,25,relu,bi,0,13.308814144789778,3.7210291515775697
30,12,mae,25,relu,bi,1,13.301099327539307,3.7463292096865617
30,12,mae,25,relu,bi,2,13.380387175561124,3.763438176800227
30,12,mae,25,relu,bi,3,13.28163635150536,3.731097403092587
30,12,mae,25,relu,bi,4,13.28143779236389,3.726846370557948
30,12,mae,25,relu,bi,5,13.319612600654962,3.73565325363418
30,12,mae,25,relu,bi,6,13.239033639389769,3.7273060754586513
30,12,mae,25,relu,bi,7,13.233882905725213,3.7292518688360254
30,12,mae,25,relu,bi,8,13.25530082910258,3.7189003880015252
30,12,mae,25,relu,bi,9,13.339994499353143,3.7522159648591553
30,12,mae,25,relu,bi,,13.225040469998838,3.720664032292554
30,12,mae,50,relu,bi,0,13.481823626407499,3.776152516931699
30,12,mae,50,relu,bi,1,13.331764758690243,3.7578468672933454
30,12,mae,50,relu,bi,2,13.215003091314014,3.7042128160266907
30,12,mae,50,relu,bi,3,13.313118901927842,3.73326086987342
30,12,mae,50,relu,bi,4,13.327890191860272,3.744658942850588
30,12,mae,50,relu,bi,5,13.37028680815254,3.744269771411302
30,12,mae,50,relu,bi,6,13.479453455444746,3.7850837418314947
30,12,mae,50,relu,bi,7,13.357545327043788,3.7402804142116386
30,12,mae,50,relu,bi,8,13.261446516763586,3.7210305367195757
30,12,mae,50,relu,bi,9,13.332091255129543,3.7564419933524515
30,12,mae,50,relu,bi,,13.253193819776033,3.7284679976385187
30,12,mae,100,leaky,bi,0,13.26006248648089,3.7205902978592644
30,12,mae,100,leaky,bi,1,13.560409021343784,3.768419530283175
30,12,mae,100,leaky,bi,2,13.331618572761652,3.755944122123625
30,12,mae,100,leaky,bi,3,13.230071704050255,3.716145343945756
30,12,mae,100,leaky,bi,4,13.343235622762313,3.754312976555213
30,12,mae,100,leaky,bi,5,13.384895828746037,3.7966181642807673
30,12,mae,100,leaky,bi,6,13.216052112409974,3.6961038476636143
30,12,mae,100,leaky,bi,7,13.241727218806435,3.7185194611831673
30,12,mae,100,leaky,bi,8,13.374847309572427,3.7115382891908615
30,12,mae,100,leaky,bi,9,13.255249264522481,3.7159390139610426
30,12,mae,100,leaky,bi,,13.205581229317538,3.711671364876515
30,12,mae,250,leaky,bi,0,13.308326919383589,3.7330501951419275
30,12,mae,250,leaky,bi,1,13.290970743095249,3.724103424413168
30,12,mae,250,leaky,bi,2,13.335329451723341,3.7496128733228518
30,12,mae,250,leaky,bi,3,13.388309440127411,3.7732705502453667
30,12,mae,250,leaky,bi,4,13.348524990063886,3.738927596502777
30,12,mae,250,leaky,bi,5,13.340967110073308,3.7472653479170206
30,12,mae,250,leaky,bi,6,13.49956860614483,3.7990376376868187
30,12,mae,250,leaky,bi,7,13.317706293721239,3.7434137048713607
30,12,mae,250,leaky,bi,8,13.240643461770004,3.7286857600293017
30,12,mae,250,leaky,bi,9,13.640481208030327,3.8594868959536783
30,12,mae,250,leaky,bi,,13.227638998785224,3.72087542217087
30,12,mae,200,relu,bi,0,13.218562121737172,3.7071155564418397
30,12,mae,200,relu,bi,1,13.464800484650825,3.787057719493218
30,12,mae,200,relu,bi,2,13.409409184349554,3.773988793272265
30,12,mae,200,relu,bi,3,13.32255308430486,3.7495821143418087
30,12,mae,200,relu,bi,4,13.23912764650483,3.7069395435835695
30,12,mae,200,relu,bi,5,13.277014218480248,3.730092838935363
30,12,mae,200,relu,bi,6,13.281983438609634,3.7013551317984303
30,12,mae,200,relu,bi,7,13.521954235290982,3.731049276672117
30,12,mae,200,relu,bi,8,13.483885202589851,3.775949426676652
30,12,mae,200,relu,bi,9,13.309139143700506,3.7114721965716164
30,12,mae,200,relu,bi,,13.245076330460986,3.711205692663958
